Valence,Negativo,Neutro,Positivo,Creado,Comentario
0.7893,0.0,0.741,0.259,2018-09-13 00:25:45,"RT @vmineforever: @MochiManggae Exactly. Let them write negatively, who tf cares. Bighit is more than happy to pull out the sue card."
0.8478,0.0,0.613,0.387,2018-09-13 00:25:45,"RT @iHeartRadio: Happy birthday to the love of my life, RM of @BTS_twt! \xe2\x9d\xa3\xef\xb8\x8f https://t.co/ymPYEs5OcH"
0.3291,0.0,0.81,0.19,2018-09-13 00:25:45,RT @JustGTRs: Happy Birthday King \xf0\x9f\x96\xa4 Gone but never forgotten.. https://t.co/kmy6SnLSBW
-0.4588,0.168,0.781,0.051,2018-09-13 00:25:45,"RT @LoriShemek: If you want to break your sugar addiction, stop FEEDING your sugar addiction. A low sugar, real food diet provides the basi\xe2\x80\xa6"
0.7031,0.087,0.537,0.376,2018-09-13 00:25:45,A crackhead on Jefferson showed me a really cool magic trick today. Happy Wednesday
0.775,0.162,0.367,0.471,2018-09-13 00:25:45,@NiallOfficial OH MY GOD HAPPY EARLY FREAKING BIRTHDAY NIALL\xf0\x9f\x98\xad\xf0\x9f\x98\xad UR GROWING UP!!
0.7901,0.0,0.731,0.269,2018-09-13 00:25:45,"RT @IMDb: Happy Birthday, #BrianDePalma! From #Carrie to #TheUntouchables, here's a look at some of our favorite moments from his films. Wh\xe2\x80\xa6"
-0.1901,0.122,0.786,0.092,2018-09-13 00:25:45,"HT. #MNUFC will be probably happy with that half. Both teams had their moments, but the Loons avoided their usual f\xe2\x80\xa6 https://t.co/rPJWrbD9dN"
0.7096,0.17,0.505,0.325,2018-09-13 00:25:45,RT @justinamash: Many of the same Republicans in government complaining about FBI abuses of power are apparently perfectly happy giving fed\xe2\x80\xa6
0.2851,0.251,0.442,0.307,2018-09-13 00:25:45,RT @tacoboutpics: I\xe2\x80\x99m not crying. Trust me :/ happy birthday Paul \xe2\x9d\xa4\xef\xb8\x8f https://t.co/cJu7rGweH5
0.6115,0.0,0.81,0.19,2018-09-13 00:25:45,RT @KyleErickson25: I have a professor named Mario with a TA named Yoshi and I personally couldn\xe2\x80\x99t be more happy about it
0.3802,0.0,0.88,0.12,2018-09-13 00:25:45,"RT @AGT: For RM\xe2\x80\x99s birthday, we got him a photo with his biggest fan @tyrabanks. \xf0\x9f\x92\x9c \n\nHAPPY BIRTHDAY, ANGEL! #BTSonAGT https://t.co/X16TXhRhbG"
0.9131,0.0,0.527,0.473,2018-09-13 00:25:45,RT @LGMobileGlobal: Happy Birthday to the passionate leader of #BTS #RM!! Let's celebrate at #BTSSTUDIObyLG! https://t.co/RPCwyyFBIq
0.0,0.0,1.0,0.0,2018-09-13 00:25:45,RT @AlDubBigGirlz: One day the constellations of your heart will drift into place and everything will make sense at last.\n\nHappy #ALDUB165t\xe2\x80\xa6
0.7579,0.0,0.694,0.306,2018-09-13 00:25:45,Join Deva and Das to celebrate with Lord Ganesha [Print Media Coverage] \n\nTeam #DevaDas wishes you all a very happy\xe2\x80\xa6 https://t.co/9yqLMj40Rc
0.6633,0.0,0.612,0.388,2018-09-13 00:25:45,RT @doyou_bangtan: HAPPY RM DAY VLIVE \nLIVE THREAD\nhttps://t.co/KY1Pu2Dtih
0.8212,0.0,0.432,0.568,2018-09-13 00:25:45,RT @demaanico: HE\xe2\x80\x99S SO HAPPY https://t.co/m3pGWtAMnB
0.0,0.0,1.0,0.0,2018-09-13 00:25:45,RT @mcpid67: @ManicioR @salvadortrish21 @MarleneSalsona @elainerequina21 @NoraNoraCampos @CarLan33377690 @sherrypie18 @Mye_Pixie @schutty14\xe2\x80\xa6
0.9321,0.0,0.549,0.451,2018-09-13 00:25:45,RT @Rachel199820161: Happy #RMGalaxyDay to my twin Namjoon. We love you so much and hope you're having a good day. #armynatureselca #Happy_\xe2\x80\xa6
0.6249,0.0,0.83,0.17,2018-09-13 00:25:45,I\xe2\x80\x99ve just watched my great aunt and her partner get married over livestream because they decided to get married in\xe2\x80\xa6 https://t.co/rUxAWWpU8s
0.8296,0.087,0.568,0.346,2018-09-13 00:25:44,RT @itsindysev: I just cried editing a video ahhhhh it\xe2\x80\x99s been so long since that\xe2\x80\x99s happened I\xe2\x80\x99m so proud and happy and excited
0.204,0.073,0.819,0.108,2018-09-13 00:25:44,"RT @tafIeur: reposting for #SUPERSTAR_RM_HAPPYBDAY \xf0\x9f\x98\x87 i worked really hard on this, thank you for your consideratjon \xf0\x9f\x92\x95 \n\nHAPPY BIRTHDAY RM S\xe2\x80\xa6"
-0.8442,0.324,0.676,0.0,2018-09-13 00:25:44,"RT @juantrinidad_: Serious shit. If you\xe2\x80\x99re in an abusive relationship, whether it\xe2\x80\x99s physical or verbal, get out of that. That person isn\xe2\x80\x99t\xe2\x80\xa6"
0.6467,0.0,0.678,0.322,2018-09-13 00:25:44,RT @pasweeet: Happy #ALDUB165thWeeksary looooves!! \xf0\x9f\x98\x8d @mainedcm @aldenrichards02 \xf0\x9f\x92\x95 https://t.co/Y4BK5Znq6G
0.9131,0.0,0.527,0.473,2018-09-13 00:25:44,RT @LGMobileGlobal: Happy Birthday to the passionate leader of #BTS #RM!! Let's celebrate at #BTSSTUDIObyLG! https://t.co/RPCwyyFBIq
0.8148,0.068,0.611,0.321,2018-09-13 00:25:44,"RT @lysa2badd: Yall my son is walking, I\xe2\x80\x99m so overwhelmed with joy... hes not happy but he\xe2\x80\x99s doing it! Praise God! https://t.co/M8xpU3kj4r"
0.8316,0.0,0.719,0.281,2018-09-13 00:25:44,"RT @johnreport: Ladies and gentlemen, happy birthday to the great @HeymanHustle He\xe2\x80\x99s 53 years old. Started in wrestling in his teens. Amazi\xe2\x80\xa6"
0.4545,0.0,0.841,0.159,2018-09-13 00:25:44,RT @jooyaproject: #JOOYA2018 \xf0\x9f\x90\xa8 - GOAL ACHIEVED!\n\nWe have officially reached our goal of $5000!! Now will be able to adopt and name a baby k\xe2\x80\xa6
0.8148,0.068,0.611,0.321,2018-09-13 00:25:44,"RT @lysa2badd: Yall my son is walking, I\xe2\x80\x99m so overwhelmed with joy... hes not happy but he\xe2\x80\x99s doing it! Praise God! https://t.co/M8xpU3kj4r"
-0.5661,0.207,0.793,0.0,2018-09-13 00:25:44,"RT @MeroSaber1D: How can you not love this guy?! \nHappy 25th birthday, Nialler \xf0\x9f\x92\x9e\n#HappyBirthdayNiall https://t.co/gpwmhRkJN1"
0.7713,0.0,0.622,0.378,2018-09-13 00:25:44,so happy to see friends/mutuals/strangers meeting the boys after years of support \xf0\x9f\x98\xa9\xe2\x9d\xa4\xef\xb8\x8f
0.5719,0.0,0.519,0.481,2018-09-13 00:25:44,RT @tsundere_asuka: Happy #NationalVideoGamesDay https://t.co/FT23ymu4G3
0.9517,0.0,0.538,0.462,2018-09-13 00:25:44,RT @NICKIMINAJ: \xf0\x9f\x99\x8f\xf0\x9f\x8f\xbe I\xe2\x80\x99m just happy there are people who are not afraid to speak the truth. God bless all of my supporters. I love you so muc\xe2\x80\xa6
0.0,0.0,1.0,0.0,2018-09-13 00:25:44,RT @mcpid67: @fleurs7754 @serranodmarie @luimaxM16 @MarleneSalsona @elainerequina21 @VidaDallas @vickyppascual @carl05290 @cpjayloni @salva\xe2\x80\xa6
0.3802,0.0,0.88,0.12,2018-09-13 00:25:44,"RT @AGT: For RM\xe2\x80\x99s birthday, we got him a photo with his biggest fan @tyrabanks. \xf0\x9f\x92\x9c \n\nHAPPY BIRTHDAY, ANGEL! #BTSonAGT https://t.co/X16TXhRhbG"
0.8324,0.0,0.746,0.254,2018-09-13 00:25:44,"RT @tyrabanks: Retweet to say HAPPY BIRTHDAY to the fierce RM! \n\nWe finally got our pic together! You are inspiring so many, and you\xe2\x80\x99re bri\xe2\x80\xa6"
0.6784,0.0,0.304,0.696,2018-09-13 00:25:44,@MattMcAndrew Happy birthday!!!
0.8148,0.068,0.611,0.321,2018-09-13 00:25:44,"RT @lysa2badd: Yall my son is walking, I\xe2\x80\x99m so overwhelmed with joy... hes not happy but he\xe2\x80\x99s doing it! Praise God! https://t.co/M8xpU3kj4r"
0.7067,0.0,0.59,0.41,2018-09-13 00:25:44,RT @coupdemain: \xf0\x9f\x95\xaf happy birthday @niallofficial!!!!! \xf0\x9f\x92\x9b https://t.co/lMRZNYlpoR
0.8012,0.0,0.736,0.264,2018-09-13 00:25:44,RT @dWbjoDVw75b1fsj: Hello Twitter! Thanks for many follows and heatful messages\xe2\x80\xa6 I\xe2\x80\x98m really happy if you listen to my songs\nand your heart\xe2\x80\xa6
0.5719,0.0,0.654,0.346,2018-09-13 00:25:43,I dare her not to tell me happy birthday
0.8748,0.0,0.584,0.416,2018-09-13 00:25:43,"RT @menggalurks: Happy #ALDUB165thWeeksary! Whatever you decide to do, make sure it makes you happy \xe2\x9d\xa4\xef\xb8\x8f https://t.co/VsTfhHS8dP"
0.784,0.0,0.685,0.315,2018-09-13 00:25:43,"RT @darrenchenpic: ""Too happy to have wrinkles on my face! Thanks for all the 600k followers\xf0\x9f\x96\xa4"" https://t.co/96MgIWEICb"
0.9517,0.0,0.538,0.462,2018-09-13 00:25:43,RT @NICKIMINAJ: \xf0\x9f\x99\x8f\xf0\x9f\x8f\xbe I\xe2\x80\x99m just happy there are people who are not afraid to speak the truth. God bless all of my supporters. I love you so muc\xe2\x80\xa6
0.8148,0.068,0.611,0.321,2018-09-13 00:25:43,"RT @lysa2badd: Yall my son is walking, I\xe2\x80\x99m so overwhelmed with joy... hes not happy but he\xe2\x80\x99s doing it! Praise God! https://t.co/M8xpU3kj4r"
0.0,0.0,1.0,0.0,2018-09-13 00:25:43,"RT @CNiyago: We all have to separate Aldub from Maichard. Aldub is the public persona, Maichard is the ninja couple.\n\nSo sino ang iniinterv\xe2\x80\xa6"
0.7131,0.178,0.485,0.337,2018-09-13 00:25:43,I\xe2\x80\x99m so happy I found a new coach!!!! I miss prepping ugh it\xe2\x80\x99s going to be so much better!!!
0.8478,0.0,0.613,0.387,2018-09-13 00:25:43,"RT @iHeartRadio: Happy birthday to the love of my life, RM of @BTS_twt! \xe2\x9d\xa3\xef\xb8\x8f https://t.co/ymPYEs5OcH"
0.3818,0.0,0.88,0.12,2018-09-13 00:25:43,Henry: this video will clear things up and make everyone happy\nUs: ... did anyone understood what Henry tried to say?
0.8148,0.068,0.611,0.321,2018-09-13 00:25:43,"RT @lysa2badd: Yall my son is walking, I\xe2\x80\x99m so overwhelmed with joy... hes not happy but he\xe2\x80\x99s doing it! Praise God! https://t.co/M8xpU3kj4r"
0.8324,0.0,0.746,0.254,2018-09-13 00:25:43,"RT @tyrabanks: Retweet to say HAPPY BIRTHDAY to the fierce RM! \n\nWe finally got our pic together! You are inspiring so many, and you\xe2\x80\x99re bri\xe2\x80\xa6"
0.0,0.0,1.0,0.0,2018-09-13 00:25:43,RT @kharel_sakura: @LALLAVILLAMIL2 @GraceKelly2 @ALDUB_POETweets @hotxander01 @grabesila @AkoSiToothchie @LaDiosaRM @Barbarapunzala1 @Jenny\xe2\x80\xa6
0.9131,0.0,0.527,0.473,2018-09-13 00:25:43,RT @LGMobileGlobal: Happy Birthday to the passionate leader of #BTS #RM!! Let's celebrate at #BTSSTUDIObyLG! https://t.co/RPCwyyFBIq
0.5719,0.0,0.448,0.552,2018-09-13 00:25:43,@JuhWhoBis Are you happy?
0.8143,0.0,0.696,0.304,2018-09-13 00:25:43,@howiemandel @USBTSARMY i was jungshook the best performance  i ever seen THANK YOU SO MUCH GOSH THE STAGE THE LIGH\xe2\x80\xa6 https://t.co/Y3FnCTkwmU
0.8016,0.0,0.754,0.246,2018-09-13 00:25:43,Happy birthday to my other half! Daniel you are the light of my life and I enjoy watching you age. Can\xe2\x80\x99t wait to se\xe2\x80\xa6 https://t.co/RTIvQugUd9
0.5423,0.117,0.641,0.242,2018-09-13 00:25:43,RT @brianleejackson: Choosing a new #WordPress host can be stressful. That's why @kinsta has made it super easy with a 30-day money-back gu\xe2\x80\xa6
0.7264,0.0,0.621,0.379,2018-09-13 00:25:43,"So happy my mother went to the market , it was well needed\xf0\x9f\x98\x82\xf0\x9f\x98\xab"
0.8324,0.0,0.746,0.254,2018-09-13 00:25:43,"RT @tyrabanks: Retweet to say HAPPY BIRTHDAY to the fierce RM! \n\nWe finally got our pic together! You are inspiring so many, and you\xe2\x80\x99re bri\xe2\x80\xa6"
0.6633,0.0,0.746,0.254,2018-09-13 00:25:43,RT @Angelo_Varilla: THE SQUAD SINGS HAPPY BIRTHDAY TO RM \xf0\x9f\x92\x9c\xf0\x9f\x92\x9c\xf0\x9f\x92\x9c\n\n@BTS_twt #BTS #RM\n#RMGalaxyDay \n#\xeb\x82\xa8\xec\xa4\x80_\xeb\x84\x8c_\xeb\x82\x98\xec\x9d\x98_\xec\x82\xac\xeb\x9e\x8c\xec\x82\xac\xeb\x9e\x91\xec\x9e\x90\xeb\x9e\x91\n#\xeb\x82\xa8\xec\xa4\x80\xec\x9d\xb4\xeb\x8a\x94_\xec\x95\x84\xeb\xaf\xb8\xec\x9d\x98_\xec\x82\xac\xeb\x9e\x91\xec\x9d\xb4\xec\x9e\x90_\xec\x9e\x90\xeb\x9e\x91 https://t.c\xe2\x80\xa6
0.8324,0.0,0.746,0.254,2018-09-13 00:25:42,"RT @tyrabanks: Retweet to say HAPPY BIRTHDAY to the fierce RM! \n\nWe finally got our pic together! You are inspiring so many, and you\xe2\x80\x99re bri\xe2\x80\xa6"
0.6633,0.0,0.693,0.307,2018-09-13 00:25:42,RT @Creker_THEBOYZ: HAPPY BIRTHDAY TO HYUNJAE\xe2\x9d\xa3\n\n#20180913 #THEBOYZ #\xeb\x8d\x94\xeb\xb3\xb4\xec\x9d\xb4\xec\xa6\x88 #HYUNJAE #\xed\x98\x84\xec\x9e\xac https://t.co/XRLUtYUZnZ
0.0,0.0,1.0,0.0,2018-09-13 00:25:42,Writers! Early registration for the @barrelhouse conference in Pittsburgh on 10/20 is closing tonight! Last chance\xe2\x80\xa6 https://t.co/eBO6SXcHXZ
0.8617,0.0,0.665,0.335,2018-09-13 00:25:42,"RT @NoControlProjec: This will forever be the most iconic happy birthday fan video. Because let\xe2\x80\x99s be honest, Niall Horan is One Direction\xe2\x80\x99s\xe2\x80\xa6"
0.6114,0.0,0.429,0.571,2018-09-13 00:25:42,@NiallOfficial  happy birthday! \xf0\x9f\x92\x93\xf0\x9f\x92\x98\xf0\x9f\x92\x95\xf0\x9f\x92\x96\xf0\x9f\x92\x97\xf0\x9f\x8c\xba\xf0\x9f\x8c\xbc\xf0\x9f\x8d\x82
0.6115,0.0,0.6,0.4,2018-09-13 00:25:42,just so happy n content with life rn\xf0\x9f\x98\x85
0.8176,0.0,0.712,0.288,2018-09-13 00:25:42,RT @taestythic: look at their happy expressions when taehyung joined them on their trip &amp; the way hoseok hugged him the energy ot7 radiates\xe2\x80\xa6
0.8176,0.117,0.463,0.42,2018-09-13 00:25:42,RT @lovelyrenessa: Praying is a must. \nIgnoring negativity is a must.\nStaying happy and focused is a must.\nRemaining humble and grateful is\xe2\x80\xa6
0.745,0.0,0.818,0.182,2018-09-13 00:25:42,RT @BindiIrwin: \xe2\x80\x98Crikey! It\xe2\x80\x99s The Irwins!\xe2\x80\x99 \nI am so happy to announce that our brand new Animal Planet series will be airing on October 28t\xe2\x80\xa6
0.9517,0.0,0.538,0.462,2018-09-13 00:25:42,RT @NICKIMINAJ: \xf0\x9f\x99\x8f\xf0\x9f\x8f\xbe I\xe2\x80\x99m just happy there are people who are not afraid to speak the truth. God bless all of my supporters. I love you so muc\xe2\x80\xa6
0.2023,0.087,0.754,0.159,2018-09-13 00:25:42,"RT @disneyheart_11: One year.., let\xe2\x80\x99s count the good points instead., because no matter what happened, you have been part of my happiness,\xe2\x80\xa6"
0.8324,0.0,0.746,0.254,2018-09-13 00:25:42,"RT @tyrabanks: Retweet to say HAPPY BIRTHDAY to the fierce RM! \n\nWe finally got our pic together! You are inspiring so many, and you\xe2\x80\x99re bri\xe2\x80\xa6"
0.8316,0.147,0.378,0.475,2018-09-13 00:25:42,RT @tartan_toker: Happy 17th anniversary ya sexy bastard ya love ya loadz\xf0\x9f\x92\x8b\xf0\x9f\x92\x8b\xf0\x9f\x92\x9cxxxxx https://t.co/vF91CkOGZV
0.8324,0.0,0.746,0.254,2018-09-13 00:25:42,"RT @tyrabanks: Retweet to say HAPPY BIRTHDAY to the fierce RM! \n\nWe finally got our pic together! You are inspiring so many, and you\xe2\x80\x99re bri\xe2\x80\xa6"
0.5834,0.175,0.543,0.283,2018-09-13 00:25:42,"@santaarnold Thanks for this great suggestion Tina! Unfortunately, we don't have a feature like this right now, but\xe2\x80\xa6 https://t.co/FwjCpOG9DQ"
0.3802,0.0,0.88,0.12,2018-09-13 00:25:42,"RT @AGT: For RM\xe2\x80\x99s birthday, we got him a photo with his biggest fan @tyrabanks. \xf0\x9f\x92\x9c \n\nHAPPY BIRTHDAY, ANGEL! #BTSonAGT https://t.co/X16TXhRhbG"
0.8324,0.0,0.746,0.254,2018-09-13 00:25:42,"RT @tyrabanks: Retweet to say HAPPY BIRTHDAY to the fierce RM! \n\nWe finally got our pic together! You are inspiring so many, and you\xe2\x80\x99re bri\xe2\x80\xa6"
0.7906,0.0,0.767,0.233,2018-09-13 00:25:41,"RT @lightintheattic: Happy b-day to Chris Dedrick, born on this day in 1947 in Delevan, New York. As a member of The Free Design, Chris pen\xe2\x80\xa6"
0.8324,0.0,0.746,0.254,2018-09-13 00:25:41,"RT @tyrabanks: Retweet to say HAPPY BIRTHDAY to the fierce RM! \n\nWe finally got our pic together! You are inspiring so many, and you\xe2\x80\x99re bri\xe2\x80\xa6"
0.0,0.0,1.0,0.0,2018-09-13 00:25:41,RT @sonic_hedgehog: Going fast for 27 years and counting. \n\nHappy #NationalVideoGamesDay! https://t.co/PWgR1NtRs5
0.9131,0.0,0.527,0.473,2018-09-13 00:25:41,RT @LGMobileGlobal: Happy Birthday to the passionate leader of #BTS #RM!! Let's celebrate at #BTSSTUDIObyLG! https://t.co/RPCwyyFBIq
0.7476,0.19,0.499,0.311,2018-09-13 00:25:41,IM SO SO HAPPY THAT INSATIABLE GOT RENEWED FOR A SEASON TWO IM SCREAMING YES I LITERALLY AM FREAKING OUT IN MY FRIE\xe2\x80\xa6 https://t.co/y1b39km7Uw
0.8324,0.0,0.746,0.254,2018-09-13 00:25:41,"RT @tyrabanks: Retweet to say HAPPY BIRTHDAY to the fierce RM! \n\nWe finally got our pic together! You are inspiring so many, and you\xe2\x80\x99re bri\xe2\x80\xa6"
0.5719,0.0,0.871,0.129,2018-09-13 00:25:41,RT @amourjeon: BTS really got told \xe2\x80\x9cMaybe we\xe2\x80\x99ll see you on the GRAMMYs stage someday.\xe2\x80\x9d Do you know how happy they probably were to hear tha\xe2\x80\xa6
0.8774,0.0,0.543,0.457,2018-09-13 00:25:41,Prof. @Swamy39 jee &amp; Prof. @rvaidya2000 jee - Happy Ganesh Chaturthi - Best wishes from PTs!! https://t.co/irZquP1BjV
0.6948,0.0,0.678,0.322,2018-09-13 00:25:41,RT @Abi_ARMYxBTS: #AGTResults  I'm so happy for VICKI \xe2\x99\xa5\xe2\x99\xa5\xe2\x99\xa5\xe2\x99\xa5 #AGTLIVE https://t.co/iwVRGj8rWj
0.6633,0.0,0.575,0.425,2018-09-13 00:25:41,HAPPY ANNIVERSARY TO MY INTERNET FRIENDSSSS https://t.co/c35scfcLTu
0.3802,0.0,0.88,0.12,2018-09-13 00:25:41,"RT @AGT: For RM\xe2\x80\x99s birthday, we got him a photo with his biggest fan @tyrabanks. \xf0\x9f\x92\x9c \n\nHAPPY BIRTHDAY, ANGEL! #BTSonAGT https://t.co/X16TXhRhbG"
0.8324,0.0,0.746,0.254,2018-09-13 00:25:41,"RT @tyrabanks: Retweet to say HAPPY BIRTHDAY to the fierce RM! \n\nWe finally got our pic together! You are inspiring so many, and you\xe2\x80\x99re bri\xe2\x80\xa6"
0.5719,0.0,0.654,0.346,2018-09-13 00:25:41,@hqtrivia That one person would be reeeeeeaaaaly happy.
0.9517,0.0,0.538,0.462,2018-09-13 00:25:41,RT @NICKIMINAJ: \xf0\x9f\x99\x8f\xf0\x9f\x8f\xbe I\xe2\x80\x99m just happy there are people who are not afraid to speak the truth. God bless all of my supporters. I love you so muc\xe2\x80\xa6
0.8324,0.0,0.746,0.254,2018-09-13 00:25:41,"RT @tyrabanks: Retweet to say HAPPY BIRTHDAY to the fierce RM! \n\nWe finally got our pic together! You are inspiring so many, and you\xe2\x80\x99re bri\xe2\x80\xa6"
0.1511,0.0,0.898,0.102,2018-09-13 00:25:41,RT @SuperStarBTStwt: #SuperStarBTS RM Birthday Challenge Event! \nUpload RM's birthday celebration video\nwith hash tag #SUPERSTAR_RM_HAPPYBD\xe2\x80\xa6
0.9358,0.0,0.296,0.704,2018-09-13 00:25:41,Happy 21st mario!! Celebrate well. I love you guys \xf0\x9f\x96\xa4 https://t.co/O2NV2Ht2GT
0.8802,0.0,0.674,0.326,2018-09-13 00:25:41,RT @MrsMJParker: #AGTResults woooo hoooo I am so so happy @VickiBarbolak you are going all the way #TrailerNasty #trophywife amazing! So so\xe2\x80\xa6
0.8748,0.0,0.584,0.416,2018-09-13 00:25:41,"RT @menggalurks: Happy #ALDUB165thWeeksary! Whatever you decide to do, make sure it makes you happy \xe2\x9d\xa4\xef\xb8\x8f https://t.co/VsTfhHS8dP"
0.7088,0.0,0.629,0.371,2018-09-13 00:25:41,RT @radiodisney: Wishing Happy Birthday to RM of #BTS! @bts_bighit @BTS_twt https://t.co/Z8FdBTQRSj
0.3802,0.0,0.88,0.12,2018-09-13 00:25:41,"RT @AGT: For RM\xe2\x80\x99s birthday, we got him a photo with his biggest fan @tyrabanks. \xf0\x9f\x92\x9c \n\nHAPPY BIRTHDAY, ANGEL! #BTSonAGT https://t.co/X16TXhRhbG"
0.6114,0.0,0.8,0.2,2018-09-13 00:25:41,RT @naaadmd: A plane just flew by carrying a message for Namjoon's Birthday! 'Happy RM Day \xe2\x9d\xa4'\n\n#BTS #BTSLoveYourselfTour #LoveYourselfInOak\xe2\x80\xa6
0.8885,0.0,0.632,0.368,2018-09-13 00:25:41,"Happy to see a record $220,000+ was raised today at the annual #WaMyeg in support of the great work @YWCAEdmonton d\xe2\x80\xa6 https://t.co/zL4qO9NcX3"
0.0,0.0,1.0,0.0,2018-09-13 00:25:41,"The heart wants what the heart wants . Smoking cigarettes does not make sense to a lot of people, but to smokers it\xe2\x80\xa6 https://t.co/XukZT72G8B"
0.7067,0.0,0.796,0.204,2018-09-13 00:25:41,Here we go!! Happy HUMP day y\xe2\x80\x99all \xf0\x9f\x98\x9c\xf0\x9f\x98\x8e .... Just 2 weeks from tomorrow and #SWAT is BACK BABY!!!!  \xf0\x9f\x91\x8a\xf0\x9f\x8f\xbd\xf0\x9f\x91\x8a\xf0\x9f\x8f\xbd\xf0\x9f\x92\xaa\xf0\x9f\x8f\xbd\xf0\x9f\x92\xaa\xf0\x9f\x8f\xbd\xf0\x9f\x92\xa3\xf0\x9f\x92\xa3 https://t.co/j4ur11GYfv
0.8324,0.0,0.746,0.254,2018-09-13 00:25:41,"RT @tyrabanks: Retweet to say HAPPY BIRTHDAY to the fierce RM! \n\nWe finally got our pic together! You are inspiring so many, and you\xe2\x80\x99re bri\xe2\x80\xa6"
0.8179,0.0,0.4,0.6,2018-09-13 00:25:41,hhhssjs im so happy rn thank u bts
0.7184,0.0,0.667,0.333,2018-09-13 00:25:41,"RT @OnlyFuturistic: Make sure you\xe2\x80\x99re happy in real life, not just on the internet..."
0.5719,0.0,0.802,0.198,2018-09-13 00:25:41,RT @Whataburger: Sometimes the only person that can make you happy is the cook at Whataburger
0.8324,0.0,0.746,0.254,2018-09-13 00:25:41,"RT @tyrabanks: Retweet to say HAPPY BIRTHDAY to the fierce RM! \n\nWe finally got our pic together! You are inspiring so many, and you\xe2\x80\x99re bri\xe2\x80\xa6"
0.6467,0.0,0.678,0.322,2018-09-13 00:25:41,RT @yungizzyy: @AleReyes10 happy birthday mami!! \xf0\x9f\x8e\x88 get litty \xf0\x9f\xa4\x91\xf0\x9f\xa4\xaa
0.9131,0.0,0.527,0.473,2018-09-13 00:25:40,RT @LGMobileGlobal: Happy Birthday to the passionate leader of #BTS #RM!! Let's celebrate at #BTSSTUDIObyLG! https://t.co/RPCwyyFBIq
0.7901,0.0,0.65,0.35,2018-09-13 00:25:40,RT @cartoonnetwork: Happy #VideoGameDay from our favorite mini-console! \xf0\x9f\xa4\x96\xf0\x9f\x91\xbe \n\n\xf0\x9f\x8e\xa5: @orbian \n#beemo #adventuretime #nationalvideogameday https:\xe2\x80\xa6
0.6467,0.0,0.778,0.222,2018-09-13 00:25:40,RT @rlrichey: Happy #NationalVideoGamesDay! We're about to stream #Zelda Skyward Sword at https://t.co/XC4pF52k5W\nWe're linked together! Co\xe2\x80\xa6
0.9427,0.0,0.564,0.436,2018-09-13 00:25:40,@Daspudster1 But he's happy to do it. That's Steve Perry. He's very appreciative of the support he gets. I think ot\xe2\x80\xa6 https://t.co/AgRTjXmKsn
0.7733,0.0,0.748,0.252,2018-09-13 00:25:40,"Honey, don\xe2\x80\x99t be so confident when you see your ex with someone else you think is less attractive than you. \n\nMaybe\xe2\x80\xa6 https://t.co/EIk6TnoEsk"
0.0,0.0,1.0,0.0,2018-09-13 00:25:40,@theroad90 @TomStaples5 @NtimeWelearn @WhiteHouse @realDonaldTrump @FLOTUS So you should be happy...\n Trump was vot\xe2\x80\xa6 https://t.co/1O74MwboP8
0.5719,0.0,0.709,0.291,2018-09-13 00:25:40,RT @okayitati: happy birthday to my sleepy dog \xf0\x9f\x8e\x88 https://t.co/9PU3PVwreO
0.9131,0.0,0.527,0.473,2018-09-13 00:25:40,RT @LGMobileGlobal: Happy Birthday to the passionate leader of #BTS #RM!! Let's celebrate at #BTSSTUDIObyLG! https://t.co/RPCwyyFBIq
0.9051,0.0,0.328,0.672,2018-09-13 00:25:40,@connorfranta HAPPY BIRTHDAY CONNOR!!! LOVE YOUUU \xf0\x9f\x92\x9c
0.0772,0.0,0.942,0.058,2018-09-13 00:25:40,RT @citynightcap: @F_CameronAuthor Oceanside Village telephone number is 843 650 4440 and fax is 843 650 1865. The project director is Denn\xe2\x80\xa6
0.8555,0.0,0.749,0.251,2018-09-13 00:25:40,"RT @MicheBangtan: Best camera work they have ever had in the US. Best hype crew from Tyra, Heidi, Howie, @AGT and @nbc, you made so many AR\xe2\x80\xa6"
0.6369,0.0,0.802,0.198,2018-09-13 00:25:40,"RT @jhskyun: roses are red,\nviolets are (not) blue;\n""happy birthday,"" he said,\ni reply with an \'i love you\'\n\n#monbebeselcaday https://t.co/\xe2\x80\xa6"
0.5719,0.0,0.748,0.252,2018-09-13 00:25:40,"Today is the day. Whatever happens, I will always be happy for you."
0.928,0.0,0.573,0.427,2018-09-13 00:25:40,RT @flowerfaedundee: Happy 17th anniversary tae this gorgeous hunk o a man @Ruthless_DVD i love u soooo much n look 4ward tae the rest o it\xe2\x80\xa6
0.8324,0.0,0.746,0.254,2018-09-13 00:25:40,"RT @tyrabanks: Retweet to say HAPPY BIRTHDAY to the fierce RM! \n\nWe finally got our pic together! You are inspiring so many, and you\xe2\x80\x99re bri\xe2\x80\xa6"
0.7088,0.0,0.629,0.371,2018-09-13 00:25:40,RT @radiodisney: Wishing Happy Birthday to RM of #BTS! @bts_bighit @BTS_twt https://t.co/Z8FdBTQRSj
0.9709,0.0,0.48,0.52,2018-09-13 00:25:40,RT @alliahspencer_: Happy Anniversary to my best friend who happens to be the love of my life. Thank you for loving me flaws and all\xe2\x9d\xa4\xef\xb8\x8f\xe2\x9d\xa4\xef\xb8\x8f #7\xe2\x80\xa6
0.6908,0.12,0.579,0.301,2018-09-13 00:25:40,RT @3900kp: Y\xe2\x80\x99all ever have someone just randomly come into your life and make you happy? Shits great
0.8588,0.055,0.554,0.391,2018-09-13 00:25:40,"RT @menggalurks: Happy #ALDUB165thWeeksary, ADN!\n\nPower Positivity\n\xe2\x80\x94the power to be positive and optimistic even during hard times. \xf0\x9f\x8c\x88 https\xe2\x80\xa6"
0.7901,0.0,0.731,0.269,2018-09-13 00:25:39,"RT @IMDb: Happy Birthday, #BrianDePalma! From #Carrie to #TheUntouchables, here's a look at some of our favorite moments from his films. Wh\xe2\x80\xa6"
0.5719,0.0,0.778,0.222,2018-09-13 00:25:39,@kevinleex why would you do this is barely even the start of happy hour
0.8324,0.0,0.746,0.254,2018-09-13 00:25:39,"RT @tyrabanks: Retweet to say HAPPY BIRTHDAY to the fierce RM! \n\nWe finally got our pic together! You are inspiring so many, and you\xe2\x80\x99re bri\xe2\x80\xa6"
0.8478,0.0,0.613,0.387,2018-09-13 00:25:39,"RT @iHeartRadio: Happy birthday to the love of my life, RM of @BTS_twt! \xe2\x9d\xa3\xef\xb8\x8f https://t.co/ymPYEs5OcH"
0.8306,0.0,0.673,0.327,2018-09-13 00:25:39,"RT @WORLDMUSICAWARD: Happy 24th Birthday to the handsome and supertalented leader of #BTS, #RM! #HappyRMday! #RMGalaxyDay! @BTS_twt \n\xe2\x9d\xa4\xef\xb8\x8f\xf0\x9f\x87\xb0\xf0\x9f\x87\xb7\xf0\x9f\x8e\xb6\xf0\x9f\x8e\xa4\xe2\x80\xa6"
0.0772,0.0,0.939,0.061,2018-09-13 00:25:39,"@jhombrebueno__ I won\xe2\x80\x99t yet. I\xe2\x80\x99m just waiting for that person, to take u, to give u wat u want, and to make u happy\xe2\x80\xa6 https://t.co/wRkVfaMny7"
0.8324,0.0,0.746,0.254,2018-09-13 00:25:39,"RT @tyrabanks: Retweet to say HAPPY BIRTHDAY to the fierce RM! \n\nWe finally got our pic together! You are inspiring so many, and you\xe2\x80\x99re bri\xe2\x80\xa6"
0.3612,0.116,0.688,0.196,2018-09-13 00:25:39,RT @dopeshooter666: People who say riding bikes makes them happy are literally missing 42 chromosomes
0.3802,0.0,0.895,0.105,2018-09-13 00:25:39,RT @ToddNauck: Mystery Science Theater 3000 issue 1 (of 6) is in comic shops TODAY!\nI've been a BIG McLARGEHUGE  fan of the show since the\xe2\x80\xa6
0.128,0.134,0.711,0.155,2018-09-13 00:25:39,"\xe2\x80\x9cNo, Mr. Gore, asking a Colombian masseuse for a happy ending could not be construed as a violation of the Logan Act.\xe2\x80\x9d"
0.3802,0.0,0.88,0.12,2018-09-13 00:25:39,"RT @AGT: For RM\xe2\x80\x99s birthday, we got him a photo with his biggest fan @tyrabanks. \xf0\x9f\x92\x9c \n\nHAPPY BIRTHDAY, ANGEL! #BTSonAGT https://t.co/X16TXhRhbG"
0.4215,0.192,0.533,0.275,2018-09-13 00:25:39,you ever just be happy and all smiles then suddenly get a wave of sadness over you?.. that shit hits you like a brick man..
0.1783,0.117,0.739,0.144,2018-09-13 00:25:39,"Being in a relationship is not about kissing, dates or showing off. It's about being with the person who makes you happy"
0.5216,0.153,0.55,0.297,2018-09-13 00:25:39,@LyndseyOnAir Happy Birthday!!!! Have a blast and keep crushing it on air!
0.5719,0.0,0.802,0.198,2018-09-13 00:25:39,RT @Whataburger: Sometimes the only person that can make you happy is the cook at Whataburger
-0.3774,0.203,0.678,0.119,2018-09-13 00:25:39,"RT @docjohncraven: So, I sent a sad young lass with a painful wrist off for an xray. She returned happy and said  \xe2\x80\x9cBunny had fun\xe2\x80\x9d which I d\xe2\x80\xa6"
0.6599,0.0,0.735,0.265,2018-09-13 00:25:39,RT @GokiNamoo: Never doubt ever again \xf0\x9f\x90\xa8\xf0\x9f\x92\x9c #doodle #btsfanart #BTS @BTS_twt\n\nHappy birthday our sweet leader!\n#RMGalaxyDay #NamjoonxARMY #hap\xe2\x80\xa6
0.6801,0.0,0.663,0.337,2018-09-13 00:25:39,Team #DevaDas wishes you all a very happy Vinayaka Chavithi\n\n@iamnagarjuna @NameisNani @iamRashmika @aakanksha_s30\xe2\x80\xa6 https://t.co/S3ogDt3tsI
0.8424,0.097,0.502,0.4,2018-09-13 00:25:39,RT @mindykaling: P.S. Happy 50th anniversary @sesamestreet! So much to celebrate like this clip of #JamesGandolfini about feeling scared. I\xe2\x80\xa6
0.8324,0.0,0.746,0.254,2018-09-13 00:25:39,"RT @tyrabanks: Retweet to say HAPPY BIRTHDAY to the fierce RM! \n\nWe finally got our pic together! You are inspiring so many, and you\xe2\x80\x99re bri\xe2\x80\xa6"
0.8324,0.0,0.746,0.254,2018-09-13 00:25:39,"RT @tyrabanks: Retweet to say HAPPY BIRTHDAY to the fierce RM! \n\nWe finally got our pic together! You are inspiring so many, and you\xe2\x80\x99re bri\xe2\x80\xa6"
0.9473,0.0,0.538,0.462,2018-09-13 00:25:39,RT @incorrectaii: happy birthday to our favourite fucking bowl of sunshine. have an amazing day @PattyxWalters! remember we all love you he\xe2\x80\xa6
0.9184,0.11,0.433,0.457,2018-09-13 00:25:39,"\xf0\x9f\x98\xad\xf0\x9f\x92\x9c\xf0\x9f\x92\x9c\xf0\x9f\x92\x9c\xf0\x9f\x92\x9c\xf0\x9f\x92\x9c\xf0\x9f\x92\x9c\xf0\x9f\x92\x9c congrats boys, another stage conquered \xf0\x9f\x92\x96 you'll did AMAZING! So confident, so fierce, so damn good! My hea\xe2\x80\xa6 https://t.co/1sagkhnHKH"
0.7906,0.106,0.514,0.38,2018-09-13 00:25:39,something about Mary is on such a well written funny comedy..this was and still is a movie i laugh like a maniac wa\xe2\x80\xa6 https://t.co/OTmDQP3vtb
0.8748,0.0,0.584,0.416,2018-09-13 00:25:39,"RT @menggalurks: Happy #ALDUB165thWeeksary! Whatever you decide to do, make sure it makes you happy \xe2\x9d\xa4\xef\xb8\x8f https://t.co/VsTfhHS8dP"
0.0,0.0,1.0,0.0,2018-09-13 00:25:39,@StealthyShifter -into the fairgrounds. He would look around the carnival and would see lots of things to do. \xe2\x80\x9cHow\xe2\x80\xa6 https://t.co/Pv7Zi9BmOU
0.7088,0.0,0.629,0.371,2018-09-13 00:25:38,RT @radiodisney: Wishing Happy Birthday to RM of #BTS! @bts_bighit @BTS_twt https://t.co/Z8FdBTQRSj
0.0,0.0,1.0,0.0,2018-09-13 00:25:38,"RT @BTS_ARMY_INT: that was 2015, that was 2016, we're now in 2018, the boys have released a 4 part series tracking the journey to self love\xe2\x80\xa6"
0.8324,0.0,0.746,0.254,2018-09-13 00:25:38,"RT @tyrabanks: Retweet to say HAPPY BIRTHDAY to the fierce RM! \n\nWe finally got our pic together! You are inspiring so many, and you\xe2\x80\x99re bri\xe2\x80\xa6"
0.9517,0.0,0.538,0.462,2018-09-13 00:25:38,RT @NICKIMINAJ: \xf0\x9f\x99\x8f\xf0\x9f\x8f\xbe I\xe2\x80\x99m just happy there are people who are not afraid to speak the truth. God bless all of my supporters. I love you so muc\xe2\x80\xa6
0.8748,0.0,0.584,0.416,2018-09-13 00:25:38,"RT @menggalurks: Happy #ALDUB165thWeeksary! Whatever you decide to do, make sure it makes you happy \xe2\x9d\xa4\xef\xb8\x8f https://t.co/VsTfhHS8dP"
-0.4585,0.333,0.667,0.0,2018-09-13 00:25:38,I\xe2\x80\x99ve never been happy in a long time\xf0\x9f\x98\xad\xf0\x9f\x98\xad\xf0\x9f\x98\x8d\xf0\x9f\x98\x8d\xf0\x9f\x99\x8f\xf0\x9f\x8f\xbb\xf0\x9f\x99\x8f\xf0\x9f\x8f\xbb\xf0\x9f\x99\x8f\xf0\x9f\x8f\xbb
0.9131,0.0,0.527,0.473,2018-09-13 00:25:38,RT @LGMobileGlobal: Happy Birthday to the passionate leader of #BTS #RM!! Let's celebrate at #BTSSTUDIObyLG! https://t.co/RPCwyyFBIq
0.875,0.0,0.333,0.667,2018-09-13 00:25:38,"Happy birthday, bro god. Love ya, g. @E_AlstonII"
0.9458,0.0,0.495,0.505,2018-09-13 00:25:38,"RT @leeludapics: happiest birthday to our energetic maknae, one of our incredibly talented vocalists and endearing sweetheart yeonjung! kee\xe2\x80\xa6"
0.5719,0.0,0.448,0.552,2018-09-13 00:25:38,@lainehardymusic Happy Birthday \xf0\x9f\x98\x81\xf0\x9f\x8e\x82
0.6114,0.0,0.765,0.235,2018-09-13 00:25:38,RT @rushtheband: A big happy 66th birthday to our brother in arms Neil Peart! https://t.co/voAbZANiiv
0.6633,0.0,0.783,0.217,2018-09-13 00:25:38,RT @SERlNA: BITC H WHO RENTED A PLANE JUST TO SAY HAPPY BIRTHDAY TO RM #BTSLoveYourselfTour #BTSOakland #BTSSTUDIObyLG https://t.co/rQNBekd\xe2\x80\xa6
0.8324,0.0,0.746,0.254,2018-09-13 00:25:38,"RT @tyrabanks: Retweet to say HAPPY BIRTHDAY to the fierce RM! \n\nWe finally got our pic together! You are inspiring so many, and you\xe2\x80\x99re bri\xe2\x80\xa6"
0.745,0.0,0.818,0.182,2018-09-13 00:25:38,RT @BindiIrwin: \xe2\x80\x98Crikey! It\xe2\x80\x99s The Irwins!\xe2\x80\x99 \nI am so happy to announce that our brand new Animal Planet series will be airing on October 28t\xe2\x80\xa6
0.3802,0.0,0.88,0.12,2018-09-13 00:25:38,"RT @AGT: For RM\xe2\x80\x99s birthday, we got him a photo with his biggest fan @tyrabanks. \xf0\x9f\x92\x9c \n\nHAPPY BIRTHDAY, ANGEL! #BTSonAGT https://t.co/X16TXhRhbG"
0.6948,0.0,0.835,0.165,2018-09-13 00:25:38,Cat was so happy when I came out of the shower. Ran out of my room towards me as if I had been gone for five years.
0.7269,0.0,0.681,0.319,2018-09-13 00:25:38,"RT @Xbox: However we play, today is our day. Happy #NationalVideoGamesDay @playstation @nintendoamerica \xf0\x9f\x92\x9a\xf0\x9f\x92\x99\xe2\x9d\xa4\xef\xb8\x8f https://t.co/HWKQzgG08t"
0.8439,0.0,0.464,0.536,2018-09-13 00:25:38,Happy (belated) birthday to @logan_alexxis ! Have a great year \xf0\x9f\x8e\x89
0.6114,0.0,0.6,0.4,2018-09-13 00:25:38,RT @BTSorbit: Happy RM Day!\xf0\x9f\x8e\x82 @BTS_twt https://t.co/ukrbqijl8E
0.5719,0.0,0.448,0.552,2018-09-13 00:25:38,@mfvayi happy Birthday sweetie\xf0\x9f\x8e\x82\xf0\x9f\x92\x95
0.0,0.0,1.0,0.0,2018-09-13 00:25:38,THE FILMED JIN SO MUCH I'M SO HAPPY\n#BTSonAGT https://t.co/UiH8m2e0dx
0.8148,0.068,0.611,0.321,2018-09-13 00:25:38,"RT @lysa2badd: Yall my son is walking, I\xe2\x80\x99m so overwhelmed with joy... hes not happy but he\xe2\x80\x99s doing it! Praise God! https://t.co/M8xpU3kj4r"
0.9747,0.0,0.382,0.618,2018-09-13 00:25:38,RT @OfficialKBB: Thank you for making us happy. Thank you for inspiring us. Thank you for sharing your amazing talent with us. Thank you. W\xe2\x80\xa6
0.6633,0.0,0.693,0.307,2018-09-13 00:25:38,RT @Creker_THEBOYZ: HAPPY BIRTHDAY TO HYUNJAE\xe2\x9d\xa3\n\n#20180913 #THEBOYZ #\xeb\x8d\x94\xeb\xb3\xb4\xec\x9d\xb4\xec\xa6\x88 #HYUNJAE #\xed\x98\x84\xec\x9e\xac https://t.co/XRLUtYUZnZ
0.4278,0.0,0.864,0.136,2018-09-13 00:25:38,"RT @SegadorYSoldado: OHHHHH MY GOD \xf0\x9f\x98\x82\n\nSombra: You remind me of my stuffed bear, Arturito.\nWrecking Ball: (happy hamster noises)\nSombra: ...\xe2\x80\xa6"
0.745,0.0,0.818,0.182,2018-09-13 00:25:38,RT @BindiIrwin: \xe2\x80\x98Crikey! It\xe2\x80\x99s The Irwins!\xe2\x80\x99 \nI am so happy to announce that our brand new Animal Planet series will be airing on October 28t\xe2\x80\xa6
0.807,0.0,0.733,0.267,2018-09-13 00:25:38,RT @jiminsarchive: namjoon's guide for serendipity. note that he helped in writing the track! happy birthday to our talented and humble lea\xe2\x80\xa6
0.7184,0.0,0.667,0.333,2018-09-13 00:25:38,"RT @OnlyFuturistic: Make sure you\xe2\x80\x99re happy in real life, not just on the internet..."
0.8148,0.068,0.611,0.321,2018-09-13 00:25:38,"RT @lysa2badd: Yall my son is walking, I\xe2\x80\x99m so overwhelmed with joy... hes not happy but he\xe2\x80\x99s doing it! Praise God! https://t.co/M8xpU3kj4r"
0.6633,0.0,0.713,0.287,2018-09-13 00:25:38,"@CoachJayDavid HAPPY BIRTHDAY TO A \xf0\x9f\x90\x90, It\xe2\x80\x99s way deeper than y\xe2\x80\x99all understand \xe2\x9d\xa4\xef\xb8\x8f ."
0.7227,0.0,0.798,0.202,2018-09-13 00:25:38,"RT @nyjets: It\'s just one game, but Christopher Johnson is happy with what he sees so far.\n\n""This team is advancing.""\n\n\xf0\x9f\x93\xb0 https://t.co/BpXHJ\xe2\x80\xa6"
0.5719,0.0,0.791,0.209,2018-09-13 00:25:37,"RT @BTSARMY_Salon: Sep 12, 2018 Happy RM Day Vlive translation\n\n#\xeb\x82\xa8\xec\xa4\x80_\xeb\x84\x8c_\xeb\x82\x98\xec\x9d\x98_\xec\x82\xac\xeb\x9e\x8c\xec\x82\xac\xeb\x9e\x91\xec\x9e\x90\xeb\x9e\x91 \n#RMGalaxyDay \n#TheGroup #BTS #PCAs @BTS_twt"
0.8016,0.0,0.69,0.31,2018-09-13 00:25:37,"I\xe2\x80\x99m so happy that our Beebo is resting. Everyone needs to take care of themselves, including Brendon. \xf0\x9f\x92\x95"
0.745,0.0,0.818,0.182,2018-09-13 00:25:37,RT @BindiIrwin: \xe2\x80\x98Crikey! It\xe2\x80\x99s The Irwins!\xe2\x80\x99 \nI am so happy to announce that our brand new Animal Planet series will be airing on October 28t\xe2\x80\xa6
0.8148,0.068,0.611,0.321,2018-09-13 00:25:37,"RT @lysa2badd: Yall my son is walking, I\xe2\x80\x99m so overwhelmed with joy... hes not happy but he\xe2\x80\x99s doing it! Praise God! https://t.co/M8xpU3kj4r"
-0.25,0.311,0.42,0.269,2018-09-13 00:25:37,Finally watched insecure and yes in happy as hell my dude lawrence is back.
0.9076,0.0,0.552,0.448,2018-09-13 00:25:37,this just TRIGGERED THE SHIT OUT OF ME... happy birthday @NiallOfficial ... so fucking proud of u https://t.co/tBqROXkGcb
0.8979,0.0,0.635,0.365,2018-09-13 00:25:37,"Happy birthday niall, you will be our one and only irish princess, and the man who's lovely, kind, the sweetest and\xe2\x80\xa6 https://t.co/yCLIQTVTTn"
0.8324,0.0,0.746,0.254,2018-09-13 00:25:37,"RT @tyrabanks: Retweet to say HAPPY BIRTHDAY to the fierce RM! \n\nWe finally got our pic together! You are inspiring so many, and you\xe2\x80\x99re bri\xe2\x80\xa6"
0.8324,0.0,0.746,0.254,2018-09-13 00:25:37,"RT @tyrabanks: Retweet to say HAPPY BIRTHDAY to the fierce RM! \n\nWe finally got our pic together! You are inspiring so many, and you\xe2\x80\x99re bri\xe2\x80\xa6"
0.6114,0.0,0.667,0.333,2018-09-13 00:25:37,RT @aldubmaiden: Happy weeksary everyone!\n\n@aldenrichards02  @mainedcm @ofctrendsetter \n#ALDUB165thWeeksary https://t.co/wtebjHGBAM
0.8176,0.0,0.712,0.288,2018-09-13 00:25:37,RT @taestythic: look at their happy expressions when taehyung joined them on their trip &amp; the way hoseok hugged him the energy ot7 radiates\xe2\x80\xa6
0.745,0.0,0.818,0.182,2018-09-13 00:25:37,RT @BindiIrwin: \xe2\x80\x98Crikey! It\xe2\x80\x99s The Irwins!\xe2\x80\x99 \nI am so happy to announce that our brand new Animal Planet series will be airing on October 28t\xe2\x80\xa6
0.4019,0.0,0.895,0.105,2018-09-13 00:25:37,"RT @gael_duval: For those interested in leaving Apple and Google, and reconquer their privacy, the first beta of /e/ is here for download a\xe2\x80\xa6"
0.3802,0.0,0.88,0.12,2018-09-13 00:25:37,"RT @AGT: For RM\xe2\x80\x99s birthday, we got him a photo with his biggest fan @tyrabanks. \xf0\x9f\x92\x9c \n\nHAPPY BIRTHDAY, ANGEL! #BTSonAGT https://t.co/X16TXhRhbG"
0.9418,0.0,0.483,0.517,2018-09-13 00:25:37,RT @mcarlson515: @VickiBarbolak I AM SO HAPPY!! CONGRATS ON GOING THROUGH TO THE FINALS!!!!! \xf0\x9f\xa4\x9c\xf0\x9f\x92\xa5\xf0\x9f\xa4\x9b
0.9131,0.0,0.527,0.473,2018-09-13 00:25:37,RT @LGMobileGlobal: Happy Birthday to the passionate leader of #BTS #RM!! Let's celebrate at #BTSSTUDIObyLG! https://t.co/RPCwyyFBIq
0.1027,0.101,0.78,0.119,2018-09-13 00:25:37,Did he just appropriate circa 1970s Ebonics - and music - in order to promote military aggression against Iran? Cur\xe2\x80\xa6 https://t.co/m7otD6EWJ4
0.745,0.0,0.818,0.182,2018-09-13 00:25:37,RT @BindiIrwin: \xe2\x80\x98Crikey! It\xe2\x80\x99s The Irwins!\xe2\x80\x99 \nI am so happy to announce that our brand new Animal Planet series will be airing on October 28t\xe2\x80\xa6
0.8148,0.068,0.611,0.321,2018-09-13 00:25:37,"RT @lysa2badd: Yall my son is walking, I\xe2\x80\x99m so overwhelmed with joy... hes not happy but he\xe2\x80\x99s doing it! Praise God! https://t.co/M8xpU3kj4r"
0.7067,0.0,0.649,0.351,2018-09-13 00:25:36,RT @steveaoki: RM!! Happy birthday brother!! \xf0\x9f\x99\x8f\xf0\x9f\x99\x8f #happyrmday @BTS_twt https://t.co/ZSc8w7LwE5
0.3802,0.0,0.88,0.12,2018-09-13 00:25:36,"RT @AGT: For RM\xe2\x80\x99s birthday, we got him a photo with his biggest fan @tyrabanks. \xf0\x9f\x92\x9c \n\nHAPPY BIRTHDAY, ANGEL! #BTSonAGT https://t.co/X16TXhRhbG"
0.8324,0.0,0.746,0.254,2018-09-13 00:25:36,"RT @tyrabanks: Retweet to say HAPPY BIRTHDAY to the fierce RM! \n\nWe finally got our pic together! You are inspiring so many, and you\xe2\x80\x99re bri\xe2\x80\xa6"
0.5719,0.0,0.861,0.139,2018-09-13 00:25:36,RT @ESPNcricinfo: 'I guess my mum and dad will be happy because they don't have to come to Sri Lanka'\n\nJames Anderson wasn't thinking much\xe2\x80\xa6
0.9131,0.0,0.527,0.473,2018-09-13 00:25:36,RT @LGMobileGlobal: Happy Birthday to the passionate leader of #BTS #RM!! Let's celebrate at #BTSSTUDIObyLG! https://t.co/RPCwyyFBIq
0.8324,0.0,0.746,0.254,2018-09-13 00:25:36,"RT @tyrabanks: Retweet to say HAPPY BIRTHDAY to the fierce RM! \n\nWe finally got our pic together! You are inspiring so many, and you\xe2\x80\x99re bri\xe2\x80\xa6"
0.7088,0.0,0.629,0.371,2018-09-13 00:25:36,RT @radiodisney: Wishing Happy Birthday to RM of #BTS! @bts_bighit @BTS_twt https://t.co/Z8FdBTQRSj
0.7537,0.125,0.516,0.359,2018-09-13 00:25:36,my baby look so happy. you deserve all the happiness in this world :( https://t.co/0PJsxyo2mG
0.0,0.0,1.0,0.0,2018-09-13 00:25:36,RT @jennajozeph: hey guys! i mentioned a month ago that i was gonna do tyler\xe2\x80\x99s birthday video this year and i\xe2\x80\x99ve been working on things to\xe2\x80\xa6
0.3954,0.28,0.389,0.33,2018-09-13 00:25:36,"HAPPY BIRTHDAY to the relatable, badass, fierce, authentic, and best CRAZY CHICK WITH A GUN - our goddamn Earp heir\xe2\x80\xa6 https://t.co/xyLEzxeGCv"
0.8324,0.0,0.746,0.254,2018-09-13 00:25:36,"RT @tyrabanks: Retweet to say HAPPY BIRTHDAY to the fierce RM! \n\nWe finally got our pic together! You are inspiring so many, and you\xe2\x80\x99re bri\xe2\x80\xa6"
-0.4767,0.332,0.439,0.229,2018-09-13 00:25:36,@tyrabanks @BTS_twt Happy but sad cux they cut jk part after suga \xf0\x9f\x98\x91
0.9131,0.0,0.527,0.473,2018-09-13 00:25:36,RT @LGMobileGlobal: Happy Birthday to the passionate leader of #BTS #RM!! Let's celebrate at #BTSSTUDIObyLG! https://t.co/RPCwyyFBIq
0.5719,0.0,0.821,0.179,2018-09-13 00:25:36,RT @mefeater: Happy Birthday to Paul Walker. Today he would have turned 45 years old. RIP \xf0\x9f\x96\xa4 https://t.co/kVL5PD1yeQ
0.3818,0.106,0.707,0.187,2018-09-13 00:25:36,RT @V_of_Europe: All-time low: Only 29% of French are happy with President Macron's job performance https://t.co/1AdtefddEE
0.7901,0.0,0.731,0.269,2018-09-13 00:25:36,"RT @IMDb: Happy Birthday, #BrianDePalma! From #Carrie to #TheUntouchables, here's a look at some of our favorite moments from his films. Wh\xe2\x80\xa6"
0.6948,0.0,0.792,0.208,2018-09-13 00:25:36,"Somehow this is making me so happy: Apparently, NYPD has an official beekeeper, @NYPDBees, who might be interested\xe2\x80\xa6 https://t.co/hD6m7imkrJ"
0.8148,0.068,0.611,0.321,2018-09-13 00:25:36,"RT @lysa2badd: Yall my son is walking, I\xe2\x80\x99m so overwhelmed with joy... hes not happy but he\xe2\x80\x99s doing it! Praise God! https://t.co/M8xpU3kj4r"
0.8212,0.0,0.516,0.484,2018-09-13 00:25:36,RT @PupsPorn: THESE MAKE ME SO HAPPY https://t.co/BcWEbf0Xi9
0.5719,0.0,0.812,0.188,2018-09-13 00:25:36,"@AvoidThePuddle happy birthday amigo, when's the next stream? Donating for your next round table pizza, on me"
-0.7716,0.283,0.717,0.0,2018-09-13 00:25:36,RT @PureFaisalabad: I got 1012/1100. I\xe2\x80\x99m not happy \xf0\x9f\x99\x84 bcz urdu fuckk me... 152 out of 200 \xf0\x9f\x98\x9e i hate urdu\xf0\x9f\x98\xa4
0.2023,0.087,0.754,0.159,2018-09-13 00:25:36,"RT @disneyheart_11: One year.., let\xe2\x80\x99s count the good points instead., because no matter what happened, you have been part of my happiness,\xe2\x80\xa6"
0.3291,0.0,0.81,0.19,2018-09-13 00:25:35,RT @JustGTRs: Happy Birthday King \xf0\x9f\x96\xa4 Gone but never forgotten.. https://t.co/kmy6SnLSBW
0.6114,0.0,0.334,0.666,2018-09-13 00:25:35,@KatConquers Happy Halloween!
0.8585,0.0,0.458,0.542,2018-09-13 00:25:35,RT @AnnapurnaStdios: Wishing our beloved #AmalaAkkineni garu a very happy birthday! https://t.co/kn9NqL1uIg
0.8065,0.0,0.7,0.3,2018-09-13 00:25:35,RT @ssaraelizabetth: i vote for #Shadowhunters for #TheScifiFantasyShow for the E! People's Choice Awards! #PCAs also happy birthday to my\xe2\x80\xa6
0.8588,0.055,0.554,0.391,2018-09-13 00:25:35,"RT @menggalurks: Happy #ALDUB165thWeeksary, ADN!\n\nPower Positivity\n\xe2\x80\x94the power to be positive and optimistic even during hard times. \xf0\x9f\x8c\x88 https\xe2\x80\xa6"
0.8481,0.0,0.674,0.326,2018-09-13 00:25:35,RT @yellowswee: I can\xe2\x80\x99t believe I\xe2\x80\x99ve literally seen this girls dreams come true throughout this time I\xe2\x80\x99ve been following her. I\xe2\x80\x99m happy for\xe2\x80\xa6
0.8148,0.068,0.611,0.321,2018-09-13 00:25:35,"RT @lysa2badd: Yall my son is walking, I\xe2\x80\x99m so overwhelmed with joy... hes not happy but he\xe2\x80\x99s doing it! Praise God! https://t.co/M8xpU3kj4r"
0.7199,0.0,0.782,0.218,2018-09-13 00:25:35,RT @SuperStarBTStwt: HAPPY BIRTHDAY #\xeb\xb0\xa9\xed\x83\x84\xec\x86\x8c\xeb\x85\x84\xeb\x8b\xa8 #\xea\xb9\x80\xeb\x82\xa8\xec\xa4\x80 #RM\nPremium Card Pack is the birthday gift!\nCheck your inbox in the game now!\n#\xeb\x82\xa8\xec\xa4\x80_\xeb\x84\x8c_\xeb\x82\x98\xec\x9d\x98_\xec\x82\xac\xeb\x9e\x8c\xec\x82\xac\xeb\x9e\x91\xe2\x80\xa6
0.0,0.0,1.0,0.0,2018-09-13 00:25:35,"RT @OfficialWith1D2: 25 years ago, our Irish sunflower Niall was born and up until this day he continues to make everyone around him happy.\xe2\x80\xa6"
0.5719,0.0,0.619,0.381,2018-09-13 00:25:35,Happy birthday to my boy @KasaanTv  \xf0\x9f\x92\xaf\xf0\x9f\x92\xaf\xf0\x9f\x92\xaf\xf0\x9f\x92\xaf\xf0\x9f\x92\xaf\xf0\x9f\x92\xaf\xf0\x9f\x92\xaf\xf0\x9f\x92\xaf
0.7574,0.0,0.735,0.265,2018-09-13 00:25:35,Happy 21st birthday Cadell! I can't believe I have known you since freshman year. Thank you for all of the memories\xe2\x80\xa6 https://t.co/kg224FQWVi
0.8324,0.0,0.746,0.254,2018-09-13 00:25:35,"RT @tyrabanks: Retweet to say HAPPY BIRTHDAY to the fierce RM! \n\nWe finally got our pic together! You are inspiring so many, and you\xe2\x80\x99re bri\xe2\x80\xa6"
0.9517,0.0,0.538,0.462,2018-09-13 00:25:35,RT @NICKIMINAJ: \xf0\x9f\x99\x8f\xf0\x9f\x8f\xbe I\xe2\x80\x99m just happy there are people who are not afraid to speak the truth. God bless all of my supporters. I love you so muc\xe2\x80\xa6
0.5719,0.0,0.844,0.156,2018-09-13 00:25:35,"Happy Bday big bro, i can\xe2\x80\x99t name nobody than can guard you when It comes to basketball besides myself ofcourse ...\xe2\x80\xa6 https://t.co/uuREaPuN3s"
0.5067,0.0,0.824,0.176,2018-09-13 00:25:35,"RT @w8vyzjay1: If I\xe2\x80\x99m in a relationship , I\xe2\x80\x99m NOT embarrassing you period  ! you are a reflection of your significant other . If I\xe2\x80\x99m not ha\xe2\x80\xa6"
0.6705,0.063,0.673,0.265,2018-09-13 00:25:34,RT @Siva_Kartikeyan: Here is our #SixPackSoori \xf0\x9f\x94\xa5\xf0\x9f\x91\x8d8 months of hard work..Extremely Happy to share tis pic here\xf0\x9f\x91\x8d\xf0\x9f\x98\x8aMathssssssss #Aasaramarakaay\xe2\x80\xa6
0.6114,0.0,0.8,0.2,2018-09-13 00:25:34,RT @naaadmd: A plane just flew by carrying a message for Namjoon's Birthday! 'Happy RM Day \xe2\x9d\xa4'\n\n#BTS #BTSLoveYourselfTour #LoveYourselfInOak\xe2\x80\xa6
0.6114,0.0,0.429,0.571,2018-09-13 00:25:34,@Love_Ola_9 Happy Birthday Olasunkanmi!
0.7767,0.0,0.756,0.244,2018-09-13 00:25:34,"RT @Furo_chan: Couldn't finish it for the 12th T.T\nStill, Happy birthday RM  !!! \xf0\x9f\x92\x9c\nBT21 are helping you (or not) for @OneInAnARMY project i\xe2\x80\xa6"
0.7199,0.0,0.782,0.218,2018-09-13 00:25:34,RT @SuperStarBTStwt: HAPPY BIRTHDAY #\xeb\xb0\xa9\xed\x83\x84\xec\x86\x8c\xeb\x85\x84\xeb\x8b\xa8 #\xea\xb9\x80\xeb\x82\xa8\xec\xa4\x80 #RM\nPremium Card Pack is the birthday gift!\nCheck your inbox in the game now!\n#\xeb\x82\xa8\xec\xa4\x80_\xeb\x84\x8c_\xeb\x82\x98\xec\x9d\x98_\xec\x82\xac\xeb\x9e\x8c\xec\x82\xac\xeb\x9e\x91\xe2\x80\xa6
0.6801,0.035,0.769,0.196,2018-09-13 00:25:34,"RT @jameelajamil: When I told him I was happy with my body, he looked both surprised and slightly sorry for me. Never walk up to someone an\xe2\x80\xa6"
0.9131,0.0,0.527,0.473,2018-09-13 00:25:34,RT @LGMobileGlobal: Happy Birthday to the passionate leader of #BTS #RM!! Let's celebrate at #BTSSTUDIObyLG! https://t.co/RPCwyyFBIq
0.6908,0.12,0.579,0.301,2018-09-13 00:25:34,RT @3900kp: Y\xe2\x80\x99all ever have someone just randomly come into your life and make you happy? Shits great
0.8324,0.0,0.746,0.254,2018-09-13 00:25:34,"RT @tyrabanks: Retweet to say HAPPY BIRTHDAY to the fierce RM! \n\nWe finally got our pic together! You are inspiring so many, and you\xe2\x80\x99re bri\xe2\x80\xa6"
0.3802,0.0,0.88,0.12,2018-09-13 00:25:34,"RT @AGT: For RM\xe2\x80\x99s birthday, we got him a photo with his biggest fan @tyrabanks. \xf0\x9f\x92\x9c \n\nHAPPY BIRTHDAY, ANGEL! #BTSonAGT https://t.co/X16TXhRhbG"
0.6115,0.0,0.857,0.143,2018-09-13 00:25:34,RT @kaushalmanda: I'm very happy to finally meet Kaushal after so many days. I've told him a lot of things.I've let him know about you guys\xe2\x80\xa6
0.8313,0.0,0.709,0.291,2018-09-13 00:25:34,"RT @jigguku: \xe2\x80\x98just skin\xe2\x80\x99 \xe2\x80\x94 for @hattee_ho\xe2\x80\x99s tent prompt. can\xe2\x80\x99t wait to see your drawing. happy early birthday, lovely! \xe2\x99\xa1 https://t.co/nwQC6\xe2\x80\xa6"
0.0516,0.0,0.948,0.052,2018-09-13 00:25:34,RT @ILOVEPARKJIMlN: Yoongi literally admitted that other companies force their idols to do vlives but also said that BigHit don't do that a\xe2\x80\xa6
0.75,0.0,0.748,0.252,2018-09-13 00:25:34,RT @funsheet: Happy to say I have joined @HorizonGamingCA as the new Marketing Manager! Excited to see where this can take me.
0.6633,0.0,0.783,0.217,2018-09-13 00:25:34,"RT @taesanpanman: SOMEONE REALLY RENTED A JET TO SAY HAPPY BIRTHDAY TO NAMJOON, IT\xe2\x80\x99S WHAT HE DESERVES https://t.co/yl4UJ0d7xz"
0.745,0.0,0.818,0.182,2018-09-13 00:25:34,RT @BindiIrwin: \xe2\x80\x98Crikey! It\xe2\x80\x99s The Irwins!\xe2\x80\x99 \nI am so happy to announce that our brand new Animal Planet series will be airing on October 28t\xe2\x80\xa6
0.5719,0.0,0.448,0.552,2018-09-13 00:25:34,@6thmensiv Happy mensiv https://t.co/ZnCeablNTP
0.8481,0.0,0.649,0.351,2018-09-13 00:25:34,"@chocoIateheat [ com: \n\n@.MilkNHoney. : I want to be the one to make you happy, to prove to the world that love exist"
0.3802,0.0,0.88,0.12,2018-09-13 00:25:34,"RT @AGT: For RM\xe2\x80\x99s birthday, we got him a photo with his biggest fan @tyrabanks. \xf0\x9f\x92\x9c \n\nHAPPY BIRTHDAY, ANGEL! #BTSonAGT https://t.co/X16TXhRhbG"
0.75,0.0,0.79,0.21,2018-09-13 00:25:34,"RT @geekdotcom: Happy #NationalVideoGamesDay! If you had to play one video game for the rest of your life, what would it be? We'll RT the b\xe2\x80\xa6"
0.4453,0.272,0.308,0.42,2018-09-13 00:25:34,UGH IM SO HAPPY FOR U https://t.co/zJIUKZ4aq5
-0.5994,0.206,0.717,0.076,2018-09-13 00:25:34,RT @Boogie2988: #NationalVideoGamesDay \n\nstep one - buy gaming machine\nstep two - escape the nightmarish dystopian hell scape our actual wo\xe2\x80\xa6
0.5719,0.0,0.778,0.222,2018-09-13 00:25:34,i just got my Actual permit in the mail and i\xe2\x80\x99m happy hehe \xe2\x99\xa1 https://t.co/Bt7z5EWCmc
0.8866,0.0,0.539,0.461,2018-09-13 00:25:34,"RT @fantazi_g: @nintendhoeee HAPPY FUCKING BIRTHDAY!! Have a good day, you deserve it!! \xf0\x9f\x92\x9b\xf0\x9f\x92\x9b"
0.3802,0.0,0.88,0.12,2018-09-13 00:25:34,"RT @AGT: For RM\xe2\x80\x99s birthday, we got him a photo with his biggest fan @tyrabanks. \xf0\x9f\x92\x9c \n\nHAPPY BIRTHDAY, ANGEL! #BTSonAGT https://t.co/X16TXhRhbG"
0.8622,0.057,0.6,0.343,2018-09-13 00:25:34,Really happy to see @strongstylebrit and @_StarDESTROYER on tv again. Seriously hope they become tag team champions in the VERY near future.
0.5719,0.0,0.684,0.316,2018-09-13 00:25:34,"RT @mizzoumondo: Happy birthday, KateLynne. #LadyIndiansGolf #golemont @LHS210principal https://t.co/hYcCtGgjZK"
0.3802,0.0,0.88,0.12,2018-09-13 00:25:34,"RT @AGT: For RM\xe2\x80\x99s birthday, we got him a photo with his biggest fan @tyrabanks. \xf0\x9f\x92\x9c \n\nHAPPY BIRTHDAY, ANGEL! #BTSonAGT https://t.co/X16TXhRhbG"
0.9075,0.06,0.489,0.45,2018-09-13 00:25:34,BIG LEXI !!!!! happy birthday @alexisgruz keep holding down good old brunswick hs \xf0\x9f\x92\x97\xf0\x9f\x92\x97\xf0\x9f\x92\x97 miss n love u lots
0.6467,0.0,0.539,0.461,2018-09-13 00:25:34,@akisabella14 @ohemgeeijizzed Happy birthday Spooky!! \xf0\x9f\x96\xa4\xf0\x9f\x96\xa4\xf0\x9f\x96\xa4
0.8316,0.0,0.506,0.494,2018-09-13 00:25:34,RT @onelovesbutera: the cutest person in the world pls be happy https://t.co/eYL7nynEgW
0.8176,0.0,0.712,0.288,2018-09-13 00:25:34,RT @taestythic: look at their happy expressions when taehyung joined them on their trip &amp; the way hoseok hugged him the energy ot7 radiates\xe2\x80\xa6
0.8324,0.0,0.746,0.254,2018-09-13 00:25:34,"RT @tyrabanks: Retweet to say HAPPY BIRTHDAY to the fierce RM! \n\nWe finally got our pic together! You are inspiring so many, and you\xe2\x80\x99re bri\xe2\x80\xa6"
0.0,0.0,1.0,0.0,2018-09-13 00:25:34,RT @sonic_hedgehog: Going fast for 27 years and counting. \n\nHappy #NationalVideoGamesDay! https://t.co/PWgR1NtRs5
0.7713,0.0,0.749,0.251,2018-09-13 00:25:33,RT @THEONEPLATINUM: @RamboReality @MATTHARDYBRAND @Detspray So are all of us Matt Hardy fans.\nWe're Very happy for him to be where he is.
0.5719,0.0,0.448,0.552,2018-09-13 00:25:33,@Chierleaderrr Happy birthday maco
0.6114,0.0,0.84,0.16,2018-09-13 00:25:33,RT @STAPLESCenter: Happy Birthday to RM from @BTS_twt \xf0\x9f\x8e\x82 \xf0\x9f\x8e\x81 \xf0\x9f\x8e\x88  We had a blast with all of @bts_bighit last week! #BTSARMY #BTSLoveYourselfTou\xe2\x80\xa6
0.6114,0.0,0.693,0.307,2018-09-13 00:25:33,RT @totaldivaseps: And just look how happy he is! https://t.co/LaUf8twU2L
0.3802,0.0,0.88,0.12,2018-09-13 00:25:33,"RT @AGT: For RM\xe2\x80\x99s birthday, we got him a photo with his biggest fan @tyrabanks. \xf0\x9f\x92\x9c \n\nHAPPY BIRTHDAY, ANGEL! #BTSonAGT https://t.co/X16TXhRhbG"
0.8271,0.0,0.206,0.794,2018-09-13 00:25:33,@prettyrichhh Happy birthday gorgeous
0.8176,0.0,0.712,0.288,2018-09-13 00:25:33,RT @taestythic: look at their happy expressions when taehyung joined them on their trip &amp; the way hoseok hugged him the energy ot7 radiates\xe2\x80\xa6
0.3802,0.0,0.88,0.12,2018-09-13 00:25:33,"RT @AGT: For RM\xe2\x80\x99s birthday, we got him a photo with his biggest fan @tyrabanks. \xf0\x9f\x92\x9c \n\nHAPPY BIRTHDAY, ANGEL! #BTSonAGT https://t.co/X16TXhRhbG"
0.5719,0.0,0.654,0.346,2018-09-13 00:25:33,Happy bday to my boy sidewalk @hayden76187683 https://t.co/9X4yz0dRWl
0.8588,0.055,0.554,0.391,2018-09-13 00:25:33,"RT @menggalurks: Happy #ALDUB165thWeeksary, ADN!\n\nPower Positivity\n\xe2\x80\x94the power to be positive and optimistic even during hard times. \xf0\x9f\x8c\x88 https\xe2\x80\xa6"
-0.2244,0.168,0.696,0.136,2018-09-13 00:25:33,RT @telltalegames: Happy #NationalVideoGamesDay from us to you! \xe2\x9d\xa4\xef\xb8\x8f\xf0\x9f\x8e\xae\n\nCheck out a new screenshot from episode two of The Walking Dead: The F\xe2\x80\xa6
0.5255,0.078,0.728,0.194,2018-09-13 00:25:33,"RT @DriftDistrict: Happy Birthday, Paul Walker! He would\xe2\x80\x99ve been 45 today. We all miss you \xf0\x9f\x98\x94 https://t.co/fOV6h18r8s"
0.8324,0.0,0.746,0.254,2018-09-13 00:25:33,"RT @tyrabanks: Retweet to say HAPPY BIRTHDAY to the fierce RM! \n\nWe finally got our pic together! You are inspiring so many, and you\xe2\x80\x99re bri\xe2\x80\xa6"
0.829,0.0,0.721,0.279,2018-09-13 00:25:33,Welcome new client Ryan Forero.  So happy to finally add him to our family.   We have known each other awhile.  He\xe2\x80\xa6 https://t.co/u8OV5nLGCu
0.3493,0.103,0.688,0.209,2018-09-13 00:25:33,"RT @ofctrendsetter: Never lose hope and pray that someday soon, they\xe2\x80\x99ll do projects together again.\nHappy 165th every one!\n@mainedcm @alden\xe2\x80\xa6"
0.5719,0.0,0.654,0.346,2018-09-13 00:25:33,RT @mooink_satida: Happy Family \xe2\x9d\xa4\xf0\x9f\x92\x99\xf0\x9f\x92\x9b\n#\xe0\xb9\x80\xe0\xb8\x95\xe0\xb9\x89\xe0\xb8\x95\xe0\xb8\xb4\xe0\xb8\xaa\xe0\xb8\x8a\xe0\xb8\xb5\xe0\xb8\xa7\xe0\xb8\xb4\xe0\xb8\x95\xe0\xb9\x82\xe0\xb8\xa5\xe0\xb9\x80\xe0\xb8\x97\xe0\xb8\x84 #\xe0\xb8\xad\xe0\xb8\xb0\xe0\xb9\x84\xe0\xb8\xa3\xe0\xb8\xad\xe0\xb8\xb0\xe0\xb9\x84\xe0\xb8\xa3\xe0\xb8\x81\xe0\xb9\x87\xe0\xb8\x95\xe0\xb8\xb5\xe0\xb9\x8b \n#\xe0\xb8\x9a\xe0\xb8\xb2\xe0\xb8\xaa\xe0\xb9\x80\xe0\xb8\x94\xe0\xb9\x87\xe0\xb8\x81\xe0\xb8\xad\xe0\xb9\x89\xe0\xb8\xa7\xe0\xb8\x99\xe0\xb8\x97\xe0\xb8\xb5\xe0\xb9\x88\xe0\xb9\x81\xe0\xb8\x97\xe0\xb9\x89\xe0\xb8\x88\xe0\xb8\xa3\xe0\xb8\xb4\xe0\xb8\x87 https://t.co/1tfoyDTeVB
0.811,0.0,0.638,0.362,2018-09-13 00:25:33,@AGT @VickiBarbolak YES!!!!! @VickiBarbolak # #TrailerNasty #FutureSitcom i agree with Simon tonight. Im Happy For Her. \xf0\x9f\x98\x80\xe2\xad\x90\xe2\xad\x90\xe2\xad\x90\xe2\xad\x90\xe2\xad\x90\xf0\x9f\x92\x8b
0.8016,0.0,0.455,0.545,2018-09-13 00:25:33,@cjlemire Exciting times! I did a happy dance for mine.
0.5719,0.0,0.654,0.346,2018-09-13 00:25:33,@krungy2l I'm happy saw 2ne1 interaction lately noona
0.886,0.0,0.402,0.598,2018-09-13 00:25:33,happy birthday baby @NiallOfficial i hope you have an amazing day
0.3802,0.0,0.88,0.12,2018-09-13 00:25:33,"RT @AGT: For RM\xe2\x80\x99s birthday, we got him a photo with his biggest fan @tyrabanks. \xf0\x9f\x92\x9c \n\nHAPPY BIRTHDAY, ANGEL! #BTSonAGT https://t.co/X16TXhRhbG"
0.8268,0.0,0.661,0.339,2018-09-13 00:25:33,RT @Bagelbeard: Happy #NationalVideoGamesDay - We're celebrating by launching our new website for #ZenimaxOnline - Check it out! https://t.\xe2\x80\xa6
0.7067,0.0,0.59,0.41,2018-09-13 00:25:33,RT @coupdemain: \xf0\x9f\x95\xaf happy birthday @niallofficial!!!!! \xf0\x9f\x92\x9b https://t.co/lMRZNYlpoR
0.905,0.0,0.632,0.368,2018-09-13 00:25:33,"RT @BlakeOnCusseta: So Mac made a whole project with Ty Dolla $ign, and Ty said he\xe2\x80\x99s gonna make sure we hear it. I\xe2\x80\x99m so happy \xf0\x9f\x98\xad"
0.7067,0.0,0.59,0.41,2018-09-13 00:25:33,RT @coupdemain: \xf0\x9f\x95\xaf happy birthday @niallofficial!!!!! \xf0\x9f\x92\x9b https://t.co/lMRZNYlpoR
0.7089,0.0,0.404,0.596,2018-09-13 00:25:33,Wishing everyone a Very Happy #GaneshChaturthi. https://t.co/s57QMzvZXK
0.8255,0.0,0.366,0.634,2018-09-13 00:25:33,@ThisIsNessJM Especially when it\xe2\x80\x99s happy hour lol jk
0.9378,0.045,0.533,0.422,2018-09-13 00:25:32,RT @morgynr_4: much we all love &amp; miss you so much. here\xe2\x80\x99s a gift from the class of 2020. happy heavenly birthday mrs. barraz.\n\n          l\xe2\x80\xa6
0.958,0.0,0.501,0.499,2018-09-13 00:25:32,@AGT @BTS_ARMY @BTS_twt Am proud of them really am happy wish them all the best and success BTS forever army I purple you \xf0\x9f\x92\x9c\xf0\x9f\x92\x9c
0.0,0.0,1.0,0.0,2018-09-13 00:25:32,RT @Lucilla_moon59: @gandusio @BernadetteClaxt @SanjaHirkic @GalkeSabine @fulvia14130533 @GinaPustor123 @IrishOutlanders @GHJNancy @mymtbra\xe2\x80\xa6
0.5719,0.0,0.871,0.129,2018-09-13 00:25:32,RT @JK_Glitters: RM Vlive Happy RM Day \n\n\xe2\x80\x9cWe saw many male fans at LA concert this time. I saw many men despite the age. There were Grandpa\xe2\x80\xa6
0.8324,0.0,0.746,0.254,2018-09-13 00:25:32,"RT @tyrabanks: Retweet to say HAPPY BIRTHDAY to the fierce RM! \n\nWe finally got our pic together! You are inspiring so many, and you\xe2\x80\x99re bri\xe2\x80\xa6"
0.5625,0.069,0.757,0.174,2018-09-13 00:25:32,even though i probably won't get a chance to meet you soon i just wanted to say all of this. happy birthday bestfri\xe2\x80\xa6 https://t.co/nxspYCB3pj
0.7893,0.0,0.721,0.279,2018-09-13 00:25:32,"@MochiManggae Exactly. Let them write negatively, who tf cares. Bighit is more than happy to pull out the sue card."
0.923,0.0,0.601,0.399,2018-09-13 00:25:32,"RT @niallnationuk: Happy birthday to our favorite artist &amp; person in the world! \nNiall, you\xe2\x80\x99re an inspiration for all of us. Have a good on\xe2\x80\xa6"
0.745,0.0,0.818,0.182,2018-09-13 00:25:32,RT @BindiIrwin: \xe2\x80\x98Crikey! It\xe2\x80\x99s The Irwins!\xe2\x80\x99 \nI am so happy to announce that our brand new Animal Planet series will be airing on October 28t\xe2\x80\xa6
0.3291,0.0,0.81,0.19,2018-09-13 00:25:32,RT @JustGTRs: Happy Birthday King \xf0\x9f\x96\xa4 Gone but never forgotten.. https://t.co/kmy6SnLSBW
0.8481,0.0,0.662,0.338,2018-09-13 00:25:32,I didn't know video games had a holiday. Lol. I've done a lot of interviews before and i've won stuff before this b\xe2\x80\xa6 https://t.co/ahPCCj0HeN
0.7088,0.0,0.629,0.371,2018-09-13 00:25:32,RT @radiodisney: Wishing Happy Birthday to RM of #BTS! @bts_bighit @BTS_twt https://t.co/Z8FdBTQRSj
0.8519,0.0,0.617,0.383,2018-09-13 00:25:32,RT @morewedge: I'm happy and honored to be included with these fine scholars as an @SPSPnews Fellow. https://t.co/jX5BOh3Lr7
0.6114,0.0,0.693,0.307,2018-09-13 00:25:32,RT @chaemyg: Happy Birthday Joon bby! \xe2\x9c\xa8\n\n#RMGalaxyDay #HappyRMDay \n@BTS_twt https://t.co/iYyBM57fwd
0.3802,0.0,0.88,0.12,2018-09-13 00:25:32,"RT @AGT: For RM\xe2\x80\x99s birthday, we got him a photo with his biggest fan @tyrabanks. \xf0\x9f\x92\x9c \n\nHAPPY BIRTHDAY, ANGEL! #BTSonAGT https://t.co/X16TXhRhbG"
0.6696,0.12,0.524,0.356,2018-09-13 00:25:32,@ZSoFla Lol I know you'd be happy! I think Bowen will struggle with this one.
0.8585,0.0,0.653,0.347,2018-09-13 00:25:32,"RT @becauseofV95: Happy Birthday Namjoon, the best leader out there !! \n\n#RM\xec\x83\x9d\xec\x9d\xbc\xe3\x85\x8a\xe3\x85\x8b #RM #BTS #\xec\x95\x8c\xec\x97\xa0 #\xeb\xb0\xa9\xed\x83\x84\xec\x86\x8c\xeb\x85\x84\xeb\x8b\xa8 @BTS_twt https://t.co/qwlefhnaMs"
0.8324,0.0,0.746,0.254,2018-09-13 00:25:32,"RT @tyrabanks: Retweet to say HAPPY BIRTHDAY to the fierce RM! \n\nWe finally got our pic together! You are inspiring so many, and you\xe2\x80\x99re bri\xe2\x80\xa6"
0.8212,0.0,0.664,0.336,2018-09-13 00:25:32,RT @soonsvt: LOOK AT SEUNGKWAN AND JOOE OMG THEY LOOK SO HAPPY DANCING\xf0\x9f\x98\xad\xf0\x9f\x92\x99 https://t.co/Wo5R7IeXqM
0.8573,0.0,0.554,0.446,2018-09-13 00:25:32,"@ossboy_3 same, love MBJ and happy he\xe2\x80\x99s securing many bags but I\xe2\x80\x99m good on the Superman tip"
0.9131,0.0,0.527,0.473,2018-09-13 00:25:32,RT @LGMobileGlobal: Happy Birthday to the passionate leader of #BTS #RM!! Let's celebrate at #BTSSTUDIObyLG! https://t.co/RPCwyyFBIq
-0.6483,0.194,0.806,0.0,2018-09-13 00:25:32,RT @LashaeLe_: ECU is canceling classes until \xe2\x80\x9cfurther notice\xe2\x80\x9d and I\xe2\x80\x99m not gone lie I\xe2\x80\x99m not happy about that for some odd reason \xf0\x9f\x92\x80
0.0,0.0,1.0,0.0,2018-09-13 00:25:32,@kai_aniotakun .*\xef\xbd\xa5\xe2\x99\xa5\xef\xbe\x9fHappy Birthday \xe2\x99\xac \xc2\xb0\xef\xbd\xa5\xe2\x99\xa5*.
0.5719,0.0,0.791,0.209,2018-09-13 00:25:32,"I'll always be happy that fortnite blew up past PUBG, that game was such garbage"
0.8176,0.0,0.712,0.288,2018-09-13 00:25:32,RT @taestythic: look at their happy expressions when taehyung joined them on their trip &amp; the way hoseok hugged him the energy ot7 radiates\xe2\x80\xa6
0.8555,0.0,0.749,0.251,2018-09-13 00:25:32,"RT @MicheBangtan: Best camera work they have ever had in the US. Best hype crew from Tyra, Heidi, Howie, @AGT and @nbc, you made so many AR\xe2\x80\xa6"
0.6784,0.0,0.466,0.534,2018-09-13 00:25:32,@haigresko Happy birthday Hai!!! \xf0\x9f\x92\x96\xf0\x9f\x8e\x8a\xf0\x9f\x98\x98
0.8757,0.0,0.571,0.429,2018-09-13 00:25:32,"@MisterSnoop @danapixie Oh, that is wonderful news! I'm so happy for you all! \xe2\x9d\xa4\xef\xb8\x8f"
0.3802,0.0,0.88,0.12,2018-09-13 00:25:32,"RT @AGT: For RM\xe2\x80\x99s birthday, we got him a photo with his biggest fan @tyrabanks. \xf0\x9f\x92\x9c \n\nHAPPY BIRTHDAY, ANGEL! #BTSonAGT https://t.co/X16TXhRhbG"
0.8176,0.0,0.712,0.288,2018-09-13 00:25:32,RT @taestythic: look at their happy expressions when taehyung joined them on their trip &amp; the way hoseok hugged him the energy ot7 radiates\xe2\x80\xa6
0.3291,0.0,0.81,0.19,2018-09-13 00:25:32,RT @JustGTRs: Happy Birthday King \xf0\x9f\x96\xa4 Gone but never forgotten.. https://t.co/kmy6SnLSBW
0.0772,0.0,0.942,0.058,2018-09-13 00:25:32,"and i want to watch you grow up more. we've watch you become a grown up man, we've watched your succsses, we follow\xe2\x80\xa6 https://t.co/uqT2CtjLcZ"
0.8324,0.0,0.746,0.254,2018-09-13 00:25:31,"RT @tyrabanks: Retweet to say HAPPY BIRTHDAY to the fierce RM! \n\nWe finally got our pic together! You are inspiring so many, and you\xe2\x80\x99re bri\xe2\x80\xa6"
0.6114,0.0,0.637,0.363,2018-09-13 00:25:31,RT @crstinarwsales: happy birthday alec lightwood! \n\n#youareloved https://t.co/Bj2YHNsf2i
0.8324,0.0,0.746,0.254,2018-09-13 00:25:31,"RT @tyrabanks: Retweet to say HAPPY BIRTHDAY to the fierce RM! \n\nWe finally got our pic together! You are inspiring so many, and you\xe2\x80\x99re bri\xe2\x80\xa6"
0.5233,0.135,0.589,0.277,2018-09-13 00:25:31,also im so fckng happy because they focused on jin too in quite a couple of parts :'(
0.3802,0.0,0.88,0.12,2018-09-13 00:25:31,"RT @AGT: For RM\xe2\x80\x99s birthday, we got him a photo with his biggest fan @tyrabanks. \xf0\x9f\x92\x9c \n\nHAPPY BIRTHDAY, ANGEL! #BTSonAGT https://t.co/X16TXhRhbG"
0.5719,0.0,0.748,0.252,2018-09-13 00:25:31,RT @RoseSugarV: Happy birthday to RM flying over the Oracle @bts_twt https://t.co/7Wk2yNkPUS
0.8148,0.068,0.611,0.321,2018-09-13 00:25:31,"RT @lysa2badd: Yall my son is walking, I\xe2\x80\x99m so overwhelmed with joy... hes not happy but he\xe2\x80\x99s doing it! Praise God! https://t.co/M8xpU3kj4r"
0.6633,0.0,0.693,0.307,2018-09-13 00:25:31,RT @Creker_THEBOYZ: HAPPY BIRTHDAY TO HYUNJAE\xe2\x9d\xa3\n\n#20180913 #THEBOYZ #\xeb\x8d\x94\xeb\xb3\xb4\xec\x9d\xb4\xec\xa6\x88 #HYUNJAE #\xed\x98\x84\xec\x9e\xac https://t.co/XRLUtYUZnZ
0.8324,0.0,0.746,0.254,2018-09-13 00:25:31,"RT @tyrabanks: Retweet to say HAPPY BIRTHDAY to the fierce RM! \n\nWe finally got our pic together! You are inspiring so many, and you\xe2\x80\x99re bri\xe2\x80\xa6"
-0.7268,0.404,0.596,0.0,2018-09-13 00:25:31,RT @princessmeenie: Sad how you can never be happy for me.
0.8324,0.0,0.746,0.254,2018-09-13 00:25:31,"RT @tyrabanks: Retweet to say HAPPY BIRTHDAY to the fierce RM! \n\nWe finally got our pic together! You are inspiring so many, and you\xe2\x80\x99re bri\xe2\x80\xa6"
0.7213,0.0,0.82,0.18,2018-09-13 00:25:31,RT @joshsallee: If you know @cassiejocraig than this is the coolest thing you will see today. So happy for her and all that\xe2\x80\x99s happening!\xe2\x80\xa6
0.8148,0.068,0.611,0.321,2018-09-13 00:25:31,"RT @lysa2badd: Yall my son is walking, I\xe2\x80\x99m so overwhelmed with joy... hes not happy but he\xe2\x80\x99s doing it! Praise God! https://t.co/M8xpU3kj4r"
0.7783,0.0,0.746,0.254,2018-09-13 00:25:31,RT @GreenandBlue28_: When the boys and the fans started singing happy birthday to Niall then we got a group hug  :\xe2\x80\x99)  #HappyBirthdayNiall h\xe2\x80\xa6
0.6467,0.0,0.583,0.417,2018-09-13 00:25:31,RT @AlexaBliss_WWE: Happy birthday @HeymanHustle !! \xf0\x9f\x8e\x89\xf0\x9f\x8e\x81\xf0\x9f\x8e\x88
0.7067,0.0,0.649,0.351,2018-09-13 00:25:31,RT @steveaoki: RM!! Happy birthday brother!! \xf0\x9f\x99\x8f\xf0\x9f\x99\x8f #happyrmday @BTS_twt https://t.co/ZSc8w7LwE5
0.9131,0.0,0.527,0.473,2018-09-13 00:25:31,RT @LGMobileGlobal: Happy Birthday to the passionate leader of #BTS #RM!! Let's celebrate at #BTSSTUDIObyLG! https://t.co/RPCwyyFBIq
-0.2732,0.091,0.864,0.045,2018-09-13 00:25:31,"@TiffanyTurrill An apple box is still an apple box, no matter what you call it.  We're 10 years apart, you and I.\xe2\x80\xa6 https://t.co/4VsyVIqoWL"
-0.0516,0.153,0.702,0.145,2018-09-13 00:25:31,"your first heartbreak, your first band career, your first solo career, your first onedirection award, your first so\xe2\x80\xa6 https://t.co/UtZtQYF776"
0.8555,0.0,0.71,0.29,2018-09-13 00:25:31,RT @MILK_ala: Having someone that makes you genuinely happy and knowing you get to be with them forever is the best feeling in the world \xf0\x9f\x98\x8d
0.9131,0.0,0.527,0.473,2018-09-13 00:25:31,RT @LGMobileGlobal: Happy Birthday to the passionate leader of #BTS #RM!! Let's celebrate at #BTSSTUDIObyLG! https://t.co/RPCwyyFBIq
0.8126,0.0,0.697,0.303,2018-09-13 00:25:31,RT @inspirestagram: don't look for someone who can make you happy Find someone who you can be happy with.
0.8324,0.0,0.746,0.254,2018-09-13 00:25:30,"RT @tyrabanks: Retweet to say HAPPY BIRTHDAY to the fierce RM! \n\nWe finally got our pic together! You are inspiring so many, and you\xe2\x80\x99re bri\xe2\x80\xa6"
0.8011,0.0,0.605,0.395,2018-09-13 00:25:30,"RT @DCUTitans: Happy Birthday, @RyankPotter! Thrilled you're a member of the #DCUniverse family! https://t.co/i7dfYY4vX8"
0.8324,0.0,0.746,0.254,2018-09-13 00:25:30,"RT @tyrabanks: Retweet to say HAPPY BIRTHDAY to the fierce RM! \n\nWe finally got our pic together! You are inspiring so many, and you\xe2\x80\x99re bri\xe2\x80\xa6"
0.885,0.0,0.428,0.572,2018-09-13 00:25:30,@VickiBarbolak love you so happy for you !!!!!!\xe2\x9d\xa4\xe2\x9d\xa4\xe2\x9d\xa4\xe2\x9d\xa4\xe2\x9d\xa4\xe2\x9d\xa4\xe2\x9d\xa4\xe2\x9d\xa4\xe2\x9d\xa4\xe2\x9d\xa4\xe2\x9d\xa4\xe2\x9d\xa4\xe2\x9d\xa4\xf0\x9f\x98\x98\xf0\x9f\x98\x98\xf0\x9f\x98\x98\xf0\x9f\x98\x98\xf0\x9f\x98\x98\xf0\x9f\x98\x98\xf0\x9f\x98\x98\xf0\x9f\x98\x98\xf0\x9f\x98\x98\xf0\x9f\x98\x98\xf0\x9f\x98\x98\xf0\x9f\x98\x98 https://t.co/mYFUumOQPW
0.8324,0.0,0.746,0.254,2018-09-13 00:25:30,"RT @tyrabanks: Retweet to say HAPPY BIRTHDAY to the fierce RM! \n\nWe finally got our pic together! You are inspiring so many, and you\xe2\x80\x99re bri\xe2\x80\xa6"
0.8324,0.0,0.746,0.254,2018-09-13 00:25:30,"RT @tyrabanks: Retweet to say HAPPY BIRTHDAY to the fierce RM! \n\nWe finally got our pic together! You are inspiring so many, and you\xe2\x80\x99re bri\xe2\x80\xa6"
0.6114,0.0,0.8,0.2,2018-09-13 00:25:30,RT @naaadmd: A plane just flew by carrying a message for Namjoon's Birthday! 'Happy RM Day \xe2\x9d\xa4'\n\n#BTS #BTSLoveYourselfTour #LoveYourselfInOak\xe2\x80\xa6
0.5719,0.0,0.709,0.291,2018-09-13 00:25:30,RT @idgafckph_: to my happy pill :\n\n        stay ka lang
0.8555,0.0,0.749,0.251,2018-09-13 00:25:30,"RT @MicheBangtan: Best camera work they have ever had in the US. Best hype crew from Tyra, Heidi, Howie, @AGT and @nbc, you made so many AR\xe2\x80\xa6"
0.3802,0.0,0.88,0.12,2018-09-13 00:25:30,"RT @AGT: For RM\xe2\x80\x99s birthday, we got him a photo with his biggest fan @tyrabanks. \xf0\x9f\x92\x9c \n\nHAPPY BIRTHDAY, ANGEL! #BTSonAGT https://t.co/X16TXhRhbG"
0.6077,0.0,0.791,0.209,2018-09-13 00:25:30,RT @ClintFalin: very small and happy polar bear spotted in the city.\n\n           (boomer_the_landcloud on IG) https://t.co/p9Txw1wwZt
0.8324,0.0,0.746,0.254,2018-09-13 00:25:30,"RT @tyrabanks: Retweet to say HAPPY BIRTHDAY to the fierce RM! \n\nWe finally got our pic together! You are inspiring so many, and you\xe2\x80\x99re bri\xe2\x80\xa6"
0.7184,0.0,0.625,0.375,2018-09-13 00:25:30,"Make sure you\xe2\x80\x99re happy in real life, not just on the internet..."
0.9131,0.0,0.527,0.473,2018-09-13 00:25:30,RT @LGMobileGlobal: Happy Birthday to the passionate leader of #BTS #RM!! Let's celebrate at #BTSSTUDIObyLG! https://t.co/RPCwyyFBIq
0.5719,0.0,0.802,0.198,2018-09-13 00:25:30,RT @Whataburger: Sometimes the only person that can make you happy is the cook at Whataburger
0.0,0.0,1.0,0.0,2018-09-13 00:25:30,"RT @BTS_ARMY_INT: that was 2015, that was 2016, we're now in 2018, the boys have released a 4 part series tracking the journey to self love\xe2\x80\xa6"
0.8148,0.068,0.611,0.321,2018-09-13 00:25:30,"RT @lysa2badd: Yall my son is walking, I\xe2\x80\x99m so overwhelmed with joy... hes not happy but he\xe2\x80\x99s doing it! Praise God! https://t.co/M8xpU3kj4r"
0.6114,0.0,0.734,0.266,2018-09-13 00:25:30,Happy #NationalVideoGamesDay from me at my law school waiting for class! https://t.co/TTVnQsiwq5
0.2344,0.168,0.635,0.197,2018-09-13 00:25:30,"RT @itsintaaan: i just love how he tries so hard to stay calm by saying ""Allah, Subhanallah"" etc instead of getting all red and furious cos\xe2\x80\xa6"
0.5719,0.0,0.821,0.179,2018-09-13 00:25:30,RT @mefeater: Happy Birthday to Paul Walker. Today he would have turned 45 years old. RIP \xf0\x9f\x96\xa4 https://t.co/kVL5PD1yeQ
0.8478,0.0,0.613,0.387,2018-09-13 00:25:30,"RT @iHeartRadio: Happy birthday to the love of my life, RM of @BTS_twt! \xe2\x9d\xa3\xef\xb8\x8f https://t.co/ymPYEs5OcH"
0.9131,0.0,0.527,0.473,2018-09-13 00:25:30,RT @LGMobileGlobal: Happy Birthday to the passionate leader of #BTS #RM!! Let's celebrate at #BTSSTUDIObyLG! https://t.co/RPCwyyFBIq
0.3802,0.0,0.88,0.12,2018-09-13 00:25:30,"RT @AGT: For RM\xe2\x80\x99s birthday, we got him a photo with his biggest fan @tyrabanks. \xf0\x9f\x92\x9c \n\nHAPPY BIRTHDAY, ANGEL! #BTSonAGT https://t.co/X16TXhRhbG"
0.8324,0.0,0.746,0.254,2018-09-13 00:25:30,"RT @tyrabanks: Retweet to say HAPPY BIRTHDAY to the fierce RM! \n\nWe finally got our pic together! You are inspiring so many, and you\xe2\x80\x99re bri\xe2\x80\xa6"
0.5719,0.0,0.654,0.346,2018-09-13 00:25:30,6.49am \xe2\x98\x80\xef\xb8\x8f\xe2\x98\x80\xef\xb8\x8f\n913 happy birthday \xf0\x9f\x8e\x82\xf0\x9f\x8e\x82\xf0\x9f\x8e\x81\xf0\x9f\x8e\x88\n#birthday #holiday #insta https://t.co/2Y1DhFPwsG
0.6103,0.129,0.6,0.271,2018-09-13 00:25:30,"RT @SaviorOfAnimals: \xf0\x9f\x92\x9c\xf0\x9f\x92\x9cYahoo! PORSHA, 4, didn\xe2\x80\x99t get killed by NYCACC! Thank you to all who pledged for her. We wish her a happy home and li\xe2\x80\xa6"
0.6114,0.0,0.8,0.2,2018-09-13 00:25:30,RT @naaadmd: A plane just flew by carrying a message for Namjoon's Birthday! 'Happy RM Day \xe2\x9d\xa4'\n\n#BTS #BTSLoveYourselfTour #LoveYourselfInOak\xe2\x80\xa6
0.7088,0.0,0.629,0.371,2018-09-13 00:25:29,RT @radiodisney: Wishing Happy Birthday to RM of #BTS! @bts_bighit @BTS_twt https://t.co/Z8FdBTQRSj
0.9517,0.0,0.538,0.462,2018-09-13 00:25:29,RT @NICKIMINAJ: \xf0\x9f\x99\x8f\xf0\x9f\x8f\xbe I\xe2\x80\x99m just happy there are people who are not afraid to speak the truth. God bless all of my supporters. I love you so muc\xe2\x80\xa6
0.9199,0.0,0.534,0.466,2018-09-13 00:25:29,"Happy Birthday to a special @kerenalopez3 ..So many laughs, memories, car rides I can go on about!! Hope you\xe2\x80\x99ve enj\xe2\x80\xa6 https://t.co/8pfAzqCnDF"
0.8306,0.0,0.673,0.327,2018-09-13 00:25:29,"RT @WORLDMUSICAWARD: Happy 24th Birthday to the handsome and supertalented leader of #BTS, #RM! #HappyRMday! #RMGalaxyDay! @BTS_twt \n\xe2\x9d\xa4\xef\xb8\x8f\xf0\x9f\x87\xb0\xf0\x9f\x87\xb7\xf0\x9f\x8e\xb6\xf0\x9f\x8e\xa4\xe2\x80\xa6"
0.9517,0.0,0.538,0.462,2018-09-13 00:25:29,RT @NICKIMINAJ: \xf0\x9f\x99\x8f\xf0\x9f\x8f\xbe I\xe2\x80\x99m just happy there are people who are not afraid to speak the truth. God bless all of my supporters. I love you so muc\xe2\x80\xa6
0.0772,0.225,0.53,0.245,2018-09-13 00:25:29,let that hurt go and get that happy glow \xf0\x9f\xa4\x97\xf0\x9f\x98\x8d
0.9485,0.0,0.443,0.557,2018-09-13 00:25:29,"A4 Come to school happy to see them, be positive, supportive and caring. Everyone needs a cheerleader, someone who cares #122edchat"
0.6114,0.0,0.6,0.4,2018-09-13 00:25:29,Happy Driving Day to your mommy! https://t.co/5QYuZOmqfO
0.0,0.0,1.0,0.0,2018-09-13 00:25:29,@cathhewat123 @jamomoha5 @BMWX5M211 @RachelDurieux @jaimemiserachi @Mishoni54 @fryld @semsemafandy77 @Rathod868855\xe2\x80\xa6 https://t.co/KOxnn58MI2
0.8324,0.0,0.746,0.254,2018-09-13 00:25:29,"RT @tyrabanks: Retweet to say HAPPY BIRTHDAY to the fierce RM! \n\nWe finally got our pic together! You are inspiring so many, and you\xe2\x80\x99re bri\xe2\x80\xa6"
0.7199,0.0,0.782,0.218,2018-09-13 00:25:29,RT @SuperStarBTStwt: HAPPY BIRTHDAY #\xeb\xb0\xa9\xed\x83\x84\xec\x86\x8c\xeb\x85\x84\xeb\x8b\xa8 #\xea\xb9\x80\xeb\x82\xa8\xec\xa4\x80 #RM\nPremium Card Pack is the birthday gift!\nCheck your inbox in the game now!\n#\xeb\x82\xa8\xec\xa4\x80_\xeb\x84\x8c_\xeb\x82\x98\xec\x9d\x98_\xec\x82\xac\xeb\x9e\x8c\xec\x82\xac\xeb\x9e\x91\xe2\x80\xa6
-0.3818,0.102,0.898,0.0,2018-09-13 00:25:29,"RT @Camila_Cabello: i saw this with my family and we all cried, @AlejandroSanz has been the soundtrack to so many of our memories as a fami\xe2\x80\xa6"
0.5719,0.0,0.684,0.316,2018-09-13 00:25:29,RT @technokats: @TonyElumeluFDN Happy 90th birthday to MAMA ELUMELU
0.7717,0.0,0.599,0.401,2018-09-13 00:25:29,RT @timelesssports_: Happy #NationalVideoGameDay \xf0\x9f\x8e\xae \n\nWhat's your favorite video game ever? https://t.co/ewR2bBHo2F
0.7777,0.0,0.57,0.43,2018-09-13 00:25:29,I liked a @YouTube video https://t.co/AVw0bSFdTO [ENGSUB] BTS Live : Happy RM Day! 180912
0.8581,0.0,0.106,0.894,2018-09-13 00:25:29,more happy love
0.6114,0.0,0.715,0.285,2018-09-13 00:25:29,RT @ALDUBFOREVER167: Happy #ALDUB165thWeeksary  \xf0\x9f\x8e\x89\xf0\x9f\x8e\x89\xf0\x9f\x8e\x89ADN ! @ofctrendsetter @teamalaya1 @AMInaticsOFC @ALDUB_POETweets @AIFam16 @ADNPerkyMessi\xe2\x80\xa6
0.3802,0.0,0.88,0.12,2018-09-13 00:25:29,"RT @AGT: For RM\xe2\x80\x99s birthday, we got him a photo with his biggest fan @tyrabanks. \xf0\x9f\x92\x9c \n\nHAPPY BIRTHDAY, ANGEL! #BTSonAGT https://t.co/X16TXhRhbG"
